station_id,capacity,station_code,station_name,lcd_racks,qr_racks,operation_type,capacity_source
ST-997,18,726.0, 목동3단지 시내버스정류장,18.0,,LCD,seoul_open_data
ST-996,15,725.0, 양강중학교앞 교차로,15.0,,LCD,seoul_open_data
ST-995,10,724.0, 계남공원 입구 주출입구 좌측,10.0,,LCD,seoul_open_data
ST-994,15,723.0, SBS방송국,15.0,,LCD,seoul_open_data
ST-993,10,722.0, 경서농협 버스정류장(우리은행신정동지점방향),10.0,,LCD,seoul_open_data
ST-992,10,426.0, 서울신용보증재단,10.0,,LCD,seoul_open_data
ST-991,10,425.0, DMC첨단산업센터,10.0,,LCD,seoul_open_data
ST-990,15,424.0, 롯데하이마트 (상암월드컵점),15.0,,LCD,seoul_open_data
ST-99,33,502.0, 뚝섬유원지역 1번출구 앞,,33.0,QR,seoul_open_data
ST-988,12,3505.0, 신양초교앞 교차로,12.0,,LCD,seoul_open_data
ST-987,8,3504.0, 원일교회,8.0,,LCD,seoul_open_data
ST-986,14,3503.0, 광진유진스웰,14.0,,LCD,seoul_open_data
ST-985,18,3502.0, 중곡역 1번출구,,18.0,QR,seoul_open_data
ST-984,10,3501.0, 광진구청 앞,10.0,,LCD,seoul_open_data
ST-983,7,3500.0, 군자역2번출구,7.0,,LCD,seoul_open_data
ST-982,20,,,,,,fallback_20
ST-981,10,1250.0,문정2동 주민센터,10.0,,LCD,seoul_open_data
ST-980,8,593.0,자양중앙나들목,,8.0,QR,seoul_open_data
ST-98,30,501.0, 광진구의회 앞,,30.0,QR,seoul_open_data
ST-979,8,451.0, 청와대앞길,8.0,,LCD,seoul_open_data
ST-978,51,450.0, 효자동 삼거리,,51.0,QR,seoul_open_data
ST-977,8,391.0, 시립미술관,,8.0,QR,seoul_open_data
ST-976,8,2136.0, 신림역 8번출구,8.0,,LCD,seoul_open_data
ST-975,13,1149.0, 신방화역환승주차장,13.0,,LCD,seoul_open_data
ST-974,30,592.0, 건국대학교 학생회관,30.0,,LCD,seoul_open_data
ST-973,5,591.0, 건국대학교 (행정관),5.0,,LCD,seoul_open_data
ST-972,20,590.0, 건국대학교 (입학정보관),20.0,,LCD,seoul_open_data
ST-971,9,1640.0, 한내근린공원 북측,,9.0,QR,seoul_open_data
ST-970,20,,,,,,fallback_20
ST-97,7,500.0, 어린이대공원역 3번출구 앞,,7.0,QR,seoul_open_data
ST-969,20,,,,,,fallback_20
ST-968,9,422.0, 문화비축기지,,9.0,QR,seoul_open_data
ST-967,15,594.0, 중랑물재생센터(서울새활용플라자),15.0,,LCD,seoul_open_data
ST-966,10,2357.0, 르네상스호텔사거리 역삼지하보도 3번출구 앞 (더 오번 빌딩 명동칼국수 앞),10.0,,LCD,seoul_open_data
ST-965,10,2111.0, 서울대입구역 1번출구,,10.0,QR,seoul_open_data
ST-964,7,1642.0, 서울여대 남문,7.0,,LCD,seoul_open_data
ST-963,10,2353.0, 강남구청역 2번출구 뒤,10.0,,LCD,seoul_open_data
ST-962,6,2352.0, 서울본부세관(건설회관 앞),6.0,,LCD,seoul_open_data
ST-961,11,2347.0, 두산건설 본사,11.0,,LCD,seoul_open_data
ST-960,9,2350.0, 래미안그레이튼102동앞,9.0,,LCD,seoul_open_data
ST-96,12,416.0, 상암월드컵파크 1단지 교차로,,12.0,QR,seoul_open_data
ST-959,12,2349.0, 역삼빌딩 앞(하나은행 옆),12.0,,LCD,seoul_open_data
ST-958,10,2359.0," 국립국악중,고교 정문 맞은편",10.0,,LCD,seoul_open_data
ST-957,7,2358.0, 구룡초사거리 (현대아파트10동 앞 ),7.0,,LCD,seoul_open_data
ST-956,9,2360.0, 도곡1동 주민센터 교차로,9.0,,LCD,seoul_open_data
ST-955,20,,,,,,fallback_20
ST-954,10,2356.0, 강남구청,,10.0,QR,seoul_open_data
ST-953,5,2354.0, 청담역 2번출구,5.0,,LCD,seoul_open_data
ST-952,12,2156.0, 신림푸르지오아파트,12.0,,LCD,seoul_open_data
ST-951,10,2139.0, 서울신성초등학교,10.0,,LCD,seoul_open_data
ST-950,9,2110.0, 조원동 미성아파트,9.0,,LCD,seoul_open_data
ST-95,10,415.0, DMC역 9번출구 앞,,10.0,QR,seoul_open_data
ST-949,10,2265.0, 이수고가차도 남단,10.0,,LCD,seoul_open_data
ST-948,9,1501.0," 미아역 3번,4번 출구 사이",9.0,,LCD,seoul_open_data
ST-947,15,1305.0, 성북구청,15.0,,LCD,seoul_open_data
ST-946,20,826.0, 서울역 서부교차로2,20.0,,LCD,seoul_open_data
ST-945,20,,,,,,fallback_20
ST-944,12,390.0, 충무로역 1번출구,12.0,,LCD,seoul_open_data
ST-943,10,389.0, 을지로4가역 1번출구,10.0,,LCD,seoul_open_data
ST-942,10,1440.0, 면목2동 사거리,10.0,,LCD,seoul_open_data
ST-941,10,449.0, 일성아파트,10.0,,LCD,seoul_open_data
ST-940,20,,,,,,fallback_20
ST-94,8,414.0, 상암동주민센터 옆,,8.0,QR,seoul_open_data
ST-939,6,447.0, 신영동삼거리,,6.0,QR,seoul_open_data
ST-938,13,446.0, 상명대입구,13.0,,LCD,seoul_open_data
ST-937,20,,,,,,fallback_20
ST-936,10,1955.0, 디지털입구 교차로,10.0,,LCD,seoul_open_data
ST-935,9,2264.0, 이수역 1번출구,9.0,,LCD,seoul_open_data
ST-934,20,,,,,,fallback_20
ST-933,10,1221.0, 삼전역 4번출구,10.0,,LCD,seoul_open_data
ST-932,10,2026.0, 흑석역 4번출구,10.0,,LCD,seoul_open_data
ST-931,10,1303.0, 돈암초교 입구,10.0,,LCD,seoul_open_data
ST-930,10,1204.0, 거여역 3번출구,10.0,,LCD,seoul_open_data
ST-93,20,417.0, DMC역 2번출구 옆,,20.0,QR,seoul_open_data
ST-929,20,,,,,,fallback_20
ST-928,10,2215.0, 반포종합운동장 입구,10.0,,LCD,seoul_open_data
ST-927,10,2211.0, 서초구립반포도서관 앞,10.0,,LCD,seoul_open_data
ST-926,20,,,,,,fallback_20
ST-925,10,2203.0, 청계산입구역 2번출구,10.0,,LCD,seoul_open_data
ST-924,20,2034.0, 사당역 7번출구쪽,20.0,,LCD,seoul_open_data
ST-923,10,2032.0, 이수역 11번출구쪽,10.0,,LCD,seoul_open_data
ST-922,20,,,,,,fallback_20
ST-921,20,,,,,,fallback_20
ST-920,10,1931.0, 개봉역2번출구 A,10.0,,LCD,seoul_open_data
ST-92,10,413.0, 상암월드컵파크 3단지 후문,,10.0,QR,seoul_open_data
ST-919,20,1925.0, 동양미래대학교 정문 옆,20.0,,LCD,seoul_open_data
ST-918,10,1914.0, 대림역4번출구,10.0,,LCD,seoul_open_data
ST-917,20,,,,,,fallback_20
ST-916,10,1706.0, 방학동우체국 건너편,10.0,,LCD,seoul_open_data
ST-915,12,1627.0, 수락산역 4번출구,,12.0,QR,seoul_open_data
ST-914,20,1625.0,상계역 3번출구,20.0,,LCD,seoul_open_data
ST-913,13,1602.0, 광운대역 앞,13.0,,LCD,seoul_open_data
ST-912,10,1411.0, 상봉시장앞 교차로 한성빌딩 앞,10.0,,LCD,seoul_open_data
ST-911,20,,,,,,fallback_20
ST-910,10,1328.0, 월곡역 3번출구,10.0,,LCD,seoul_open_data
ST-91,21,412.0, DMC산학협력연구센터 앞,,21.0,QR,seoul_open_data
ST-909,20,,,,,,fallback_20
ST-908,25,1248.0, 방이초등학교,25.0,,LCD,seoul_open_data
ST-907,15,1247.0, 문정 법조단지11,,15.0,QR,seoul_open_data
ST-906,30,1246.0, 문정 법조단지10,30.0,,LCD,seoul_open_data
ST-905,10,1245.0, 문정 법조단지9,10.0,,LCD,seoul_open_data
ST-904,11,1244.0, 문정 법조단지8,11.0,,LCD,seoul_open_data
ST-903,29,1243.0, 문정 법조단지7,,29.0,QR,seoul_open_data
ST-902,20,,,,,,fallback_20
ST-901,20,,,,,,fallback_20
ST-900,10,1240.0, 문정 법조단지4,10.0,,LCD,seoul_open_data
ST-90,10,411.0, DMC홍보관,,10.0,QR,seoul_open_data
ST-9,5,107.0, 신한은행 서교동지점,,5.0,QR,seoul_open_data
ST-899,20,,,,,,fallback_20
ST-898,20,,,,,,fallback_20
ST-897,20,,,,,,fallback_20
ST-896,10,1228.0, 마천사거리,10.0,,LCD,seoul_open_data
ST-895,10,1227.0, 거여역 8번출구 뒤,10.0,,LCD,seoul_open_data
ST-894,10,1226.0, 잠실4동 주민센터 옆,10.0,,LCD,seoul_open_data
ST-893,20,,,,,,fallback_20
ST-892,20,,,,,,fallback_20
ST-891,30,1210.0, 롯데월드타워(잠실역2번출구 쪽),30.0,,LCD,seoul_open_data
ST-890,25,2252.0, 잔디마을 마을버스 정류장,,25.0,QR,seoul_open_data
ST-89,20,418.0, 월드컵경기장역 3번출구 옆,,20.0,QR,seoul_open_data
ST-889,10,2246.0, 서울시 품질시험소 앞,,10.0,QR,seoul_open_data
ST-888,20,,,,,,fallback_20
ST-887,10,2148.0, 낙성대역 3번출구 뒤,10.0,,LCD,seoul_open_data
ST-886,10,2143.0, 서울산업정보학교,10.0,,LCD,seoul_open_data
ST-885,20,,,,,,fallback_20
ST-884,10,2119.0, 중앙동 동진빌딩,,10.0,QR,seoul_open_data
ST-883,20,2115.0, 관악구시설관리공단,20.0,,LCD,seoul_open_data
ST-882,22,2109.0, 은천로입구 가로공원,22.0,,LCD,seoul_open_data
ST-881,10,2250.0, 서초유치원 맞은편,10.0,,LCD,seoul_open_data
ST-880,20,,,,,,fallback_20
ST-88,10,410.0, 상암중학교 옆,,10.0,QR,seoul_open_data
ST-879,20,2263.0, 바우뫼문화복지회관,20.0,,LCD,seoul_open_data
ST-878,20,,,,,,fallback_20
ST-877,10,2003.0, 사육신공원앞,10.0,,LCD,seoul_open_data
ST-876,20,1953.0, 천왕역 4번출구 뒤,20.0,,LCD,seoul_open_data
ST-875,20,1952.0, 천왕연지타운2단지 앞,20.0,,LCD,seoul_open_data
ST-874,20,,,,,,fallback_20
ST-873,10,1946.0, 구로역 광장,10.0,,LCD,seoul_open_data
ST-872,10,1943.0, 온수역 북측,10.0,,LCD,seoul_open_data
ST-871,10,1941.0, 오류동역 2번출구,10.0,,LCD,seoul_open_data
ST-870,10,1936.0, 개봉역 1번 출구 자전거보관서쪽,10.0,,LCD,seoul_open_data
ST-87,21,419.0,홈플러스 마포점 앞,,21.0,QR,seoul_open_data
ST-869,20,,,,,,fallback_20
ST-868,20,,,,,,fallback_20
ST-867,20,,,,,,fallback_20
ST-866,10,1605.0, 헬스케어,10.0,,LCD,seoul_open_data
ST-865,20,,,,,,fallback_20
ST-864,20,,,,,,fallback_20
ST-863,20,,,,,,fallback_20
ST-862,20,1512.0, 강북중학교 앞,20.0,,LCD,seoul_open_data
ST-861,20,,,,,,fallback_20
ST-860,10,1510.0, 번동주공5단지 관리사무소 앞,10.0,,LCD,seoul_open_data
ST-86,30,409.0, 누리꿈스퀘어 옆,,30.0,QR,seoul_open_data
ST-859,10,1509.0, 서울북부수도사업소,10.0,,LCD,seoul_open_data
ST-857,10,1433.0, 중화역 2번출구,10.0,,LCD,seoul_open_data
ST-856,20,,,,,,fallback_20
ST-855,20,,,,,,fallback_20
ST-854,15,1429.0, 장안중학교,15.0,,LCD,seoul_open_data
ST-853,20,,,,,,fallback_20
ST-852,10,1427.0, 용마산역 1번출구,10.0,,LCD,seoul_open_data
ST-851,20,,,,,,fallback_20
ST-850,20,,,,,,fallback_20
ST-85,37,420.0, 서울시 공공자전거 상암센터,,37.0,QR,seoul_open_data
ST-849,10,1414.0, 사가정역 2번출구,,10.0,QR,seoul_open_data
ST-848,20,,,,,,fallback_20
ST-847,10,1407.0, 먹골역 1번출구 뒤,10.0,,LCD,seoul_open_data
ST-846,20,,,,,,fallback_20
ST-845,20,,,,,,fallback_20
ST-843,20,,,,,,fallback_20
ST-842,10,1306.0, 한성대입구역2번출구,,10.0,QR,seoul_open_data
ST-841,20,,,,,,fallback_20
ST-840,13,1231.0, 잠실역 6번출구,,13.0,QR,seoul_open_data
ST-84,14,408.0, LG CNS앞,,14.0,QR,seoul_open_data
ST-839,10,1212.0, 송파역 2번 출구앞,10.0,,LCD,seoul_open_data
ST-838,15,1201.0, 가락시장역 3번 출구,15.0,,LCD,seoul_open_data
ST-837,20,,,,,,fallback_20
ST-836,20,,,,,,fallback_20
ST-835,20,,,,,,fallback_20
ST-834,10,1117.0, 등촌5단지아파트 버스정류장,10.0,,LCD,seoul_open_data
ST-833,20,,,,,,fallback_20
ST-832,20,,,,,,fallback_20
ST-831,10,1103.0, 방화역 4번출구앞,,10.0,QR,seoul_open_data
ST-830,15,1018.0, 둔촌 주공 GS 맞은편,,15.0,QR,seoul_open_data
ST-83,8,407.0, 마포구 육아종합지원센터,,8.0,QR,seoul_open_data
ST-829,10,1128.0, 화곡역 6번출구,10.0,,LCD,seoul_open_data
ST-828,15,1110.0, 공항중학교앞,,15.0,QR,seoul_open_data
ST-827,16,1308.0, 안암로터리 버스정류장 앞,16.0,,LCD,seoul_open_data
ST-826,10,1304.0, 만해공원,10.0,,LCD,seoul_open_data
ST-825,5,1302.0, 한성대입구역6번출구 뒤,5.0,,LCD,seoul_open_data
ST-824,10,1106.0, 신방화사거리,,10.0,QR,seoul_open_data
ST-823,15,2342.0, 대청역 1번출구 뒤,15.0,,LCD,seoul_open_data
ST-822,10,2341.0, 일원역 4~5번 출구 사이,10.0,,LCD,seoul_open_data
ST-821,17,2340.0, 삼호물산버스정류장(23370) 옆,,17.0,QR,seoul_open_data
ST-820,10,2339.0, 현대아파트 정문 앞,10.0,,LCD,seoul_open_data
ST-82,8,421.0, 마포구청 앞,,8.0,QR,seoul_open_data
ST-819,10,2336.0, 강남세브란스교차로 래미안그레이튼 104동 앞,10.0,,LCD,seoul_open_data
ST-818,15,2335.0, 3호선 매봉역 3번출구앞,,15.0,QR,seoul_open_data
ST-817,20,,,,,,fallback_20
ST-816,15,2333.0, 양재역 3번출구 주변,15.0,,LCD,seoul_open_data
ST-815,8,2332.0, 선릉역3번출구,8.0,,LCD,seoul_open_data
ST-814,10,2331.0, 동영문화센터앞,10.0,,LCD,seoul_open_data
ST-813,10,2330.0, 역삼월드메르디앙아파트 앞,10.0,,LCD,seoul_open_data
ST-812,10,2329.0, 르네상스호텔사거리 역삼지하보도 2번출구,10.0,,LCD,seoul_open_data
ST-811,10,2328.0, 르네상스 호텔 사거리 역삼지하보도 7번출구 앞,10.0,,LCD,seoul_open_data
ST-810,15,2327.0, 뱅뱅사거리 랜드마크타워 앞,15.0,,LCD,seoul_open_data
ST-81,15,406.0, 상암월드컵파크 7단지 앞,,15.0,QR,seoul_open_data
ST-809,10,2326.0, 대치동 삼성로,10.0,,LCD,seoul_open_data
ST-808,10,2325.0, 대치삼성아파트 앞 교차로,10.0,,LCD,seoul_open_data
ST-807,10,2324.0, 천주교 대치 2동 교회 옆,10.0,,LCD,seoul_open_data
ST-806,20,,,,,,fallback_20
ST-805,20,,,,,,fallback_20
ST-804,10,2321.0, 학여울역 사거리,10.0,,LCD,seoul_open_data
ST-803,10,2320.0, 도곡역 대치지구대 방향,10.0,,LCD,seoul_open_data
ST-802,10,2319.0, 포스코사거리 서측(수협 삼성동 지점),10.0,,LCD,seoul_open_data
ST-801,16,2318.0, 삼성중앙역4번출구(문화센터더 리빌),16.0,,LCD,seoul_open_data
ST-800,20,,,,,,fallback_20
ST-80,8,405.0, DMC빌 앞,,8.0,QR,seoul_open_data
ST-8,12,106.0, 합정역 7번출구 앞,,12.0,QR,seoul_open_data
ST-799,10,2315.0, 봉은사역 5번출구 옆,10.0,,LCD,seoul_open_data
ST-798,10,2314.0, 청담나들목입구,10.0,,LCD,seoul_open_data
ST-797,23,2348.0, 포스코사거리(기업은행),,23.0,QR,seoul_open_data
ST-796,10,2313.0, 금원빌딩 앞,10.0,,LCD,seoul_open_data
ST-795,10,2312.0, 청담역 13번 출구 앞,10.0,,LCD,seoul_open_data
ST-794,10,2310.0, 청담동 맥도날드 옆(위치),10.0,,LCD,seoul_open_data
ST-793,14,2308.0, 압구정파출소 앞,14.0,,LCD,seoul_open_data
ST-792,10,2307.0, 압구정 한양 3차 아파트,10.0,,LCD,seoul_open_data
ST-791,26,2306.0, 압구정역 2번 출구 옆,26.0,,LCD,seoul_open_data
ST-790,6,2305.0, MCM 본사 직영점 앞,6.0,,LCD,seoul_open_data
ST-79,20,,,,,,fallback_20
ST-789,10,2304.0, 대현그린타워,,10.0,QR,seoul_open_data
ST-788,15,2303.0, 논현역 10번출구,15.0,,LCD,seoul_open_data
ST-787,10,2302.0, 교보타워 버스정류장(신논현역 3번출구 후면),10.0,,LCD,seoul_open_data
ST-786,6,2311.0, 학동로 래미안 아파트 앞,6.0,,LCD,seoul_open_data
ST-785,20,,,,,,fallback_20
ST-784,10,2317.0, 삼성도로공원,10.0,,LCD,seoul_open_data
ST-783,10,2309.0, 청담역(우리들병원 앞),10.0,,LCD,seoul_open_data
ST-782,10,2337.0, 대모산입구역 2번출구 앞,10.0,,LCD,seoul_open_data
ST-781,20,,,,,,fallback_20
ST-780,15,2259.0, 잠원역 3번-4번 출구사이,15.0,,LCD,seoul_open_data
ST-78,20,403.0, 부엉이공원 앞,,20.0,QR,seoul_open_data
ST-779,10,2344.0, 리엔파크 2단지 앞,10.0,,LCD,seoul_open_data
ST-778,20,,,,,,fallback_20
ST-777,10,2301.0, 현대고등학교 건너편,10.0,,LCD,seoul_open_data
ST-776,20,,,,,,fallback_20
ST-775,20,,,,,,fallback_20
ST-774,20,,,,,,fallback_20
ST-773,20,,,,,,fallback_20
ST-772,25,2255.0,양재시민의숲역(매헌) 1번출구,25.0,,LCD,seoul_open_data
ST-771,30,2247.0,섬들근린공원,30.0,,LCD,seoul_open_data
ST-770,20,2245.0,양재초등학교 맞은편,20.0,,LCD,seoul_open_data
ST-77,20,402.0, 상암월드컵파크 9단지 앞,,20.0,QR,seoul_open_data
ST-769,20,2244.0,교육개발원입구 교차로,,20.0,QR,seoul_open_data
ST-768,15,2243.0,서울가정법원,15.0,,LCD,seoul_open_data
ST-767,20,2242.0,양재역 11번 출구 앞,20.0,,LCD,seoul_open_data
ST-766,6,2241.0,양재전화국 사거리,6.0,,LCD,seoul_open_data
ST-765,10,2239.0,교대역 6번출구,10.0,,LCD,seoul_open_data
ST-764,20,2237.0,서울남부터미널 대합실 입구,20.0,,LCD,seoul_open_data
ST-763,10,2235.0,KT 서초지사 앞,10.0,,LCD,seoul_open_data
ST-762,13,2233.0, 서초신동아1차아파트 옆,13.0,,LCD,seoul_open_data
ST-761,17,2231.0, 삼성타운(삼성생명) A동 맞은편,17.0,,LCD,seoul_open_data
ST-760,20,2230.0,이수역 4번 출구,20.0,,LCD,seoul_open_data
ST-76,13,401.0, 상암월드컵파크 10단지 앞,,13.0,QR,seoul_open_data
ST-759,10,2229.0,로고스교회 맞은 편,10.0,,LCD,seoul_open_data
ST-758,15,2228.0,뒷벌공원 옆,,15.0,QR,seoul_open_data
ST-757,15,2227.0,방배열린문화센터 앞,15.0,,LCD,seoul_open_data
ST-756,10,2226.0, 신동아럭스빌아파트 앞,10.0,,LCD,seoul_open_data
ST-755,20,,,,,,fallback_20
ST-754,15,2223.0, 방배래미안 정문 앞,15.0,,LCD,seoul_open_data
ST-753,10,2222.0,사당역 12번출구 뒤,10.0,,LCD,seoul_open_data
ST-752,15,2221.0, 방일초교 마을버스 정류장,15.0,,LCD,seoul_open_data
ST-751,20,,,,,,fallback_20
ST-750,20,2219.0," 고속터미널역 8-1번, 8-2번 출구 사이",20.0,,LCD,seoul_open_data
ST-749,20,2217.0,아크로리버뷰 부지 앞,20.0,,LCD,seoul_open_data
ST-748,15,2214.0, 신반포역 2번출구 앞,15.0,,LCD,seoul_open_data
ST-747,20,2213.0, 고속터미널역 5번출구 앞,20.0,,LCD,seoul_open_data
ST-746,14,2212.0,서초현대4차아파트 201동 맞은편,14.0,,LCD,seoul_open_data
ST-745,10,2210.0, 반포1동 주민센터 앞,10.0,,LCD,seoul_open_data
ST-744,20,2206.0, 언남초등학교 앞,20.0,,LCD,seoul_open_data
ST-743,15,2205.0, 내곡3단지 어린이공원 앞,15.0,,LCD,seoul_open_data
ST-742,20,2202.0,청계산입구역 1번출구,20.0,,LCD,seoul_open_data
ST-741,20,,,,,,fallback_20
ST-740,20,,,,,,fallback_20
ST-74,20,,,,,,fallback_20
ST-739,20,,,,,,fallback_20
ST-738,10,1207.0, 마천중앙시장,10.0,,LCD,seoul_open_data
ST-737,20,1203.0, 밀리아나2빌딩 앞,20.0,,LCD,seoul_open_data
ST-736,20,,,,,,fallback_20
ST-735,10,1608.0, 공릉역 1번 출구 앞,10.0,,LCD,seoul_open_data
ST-734,20,,,,,,fallback_20
ST-733,10,2056.0, 동작구민 체육센터,10.0,,LCD,seoul_open_data
ST-732,10,2048.0, 삼일초등학교 인근,10.0,,LCD,seoul_open_data
ST-731,7,2041.0, 사당중학교 버스정류소,7.0,,LCD,seoul_open_data
ST-730,20,,,,,,fallback_20
ST-73,46,207.0, 여의나루역 1번출구 앞,,46.0,QR,seoul_open_data
ST-729,10,2033.0, 사당동 아르테스 웨딩앞,10.0,,LCD,seoul_open_data
ST-728,20,2015.0, 신대방삼거리역 6번출구쪽,20.0,,LCD,seoul_open_data
ST-727,10,2012.0, 대림사거리(동작상떼빌아파트),10.0,,LCD,seoul_open_data
ST-726,10,2009.0, 보라매역 8번출구,10.0,,LCD,seoul_open_data
ST-725,12,2145.0, 은천초등학교 육교,12.0,,LCD,seoul_open_data
ST-724,20,2140.0, 신림1교 교차로,,20.0,QR,seoul_open_data
ST-723,10,2137.0, KT&G 관악지점,10.0,,LCD,seoul_open_data
ST-722,10,2130.0, 영어마을 관악캠프,10.0,,LCD,seoul_open_data
ST-721,20,,,,,,fallback_20
ST-720,12,2128.0, 관악구청교차로,,12.0,QR,seoul_open_data
ST-72,19,226.0, 샛강역 1번출구 앞,,19.0,QR,seoul_open_data
ST-719,20,2122.0, 낙성대로 입구,20.0,,LCD,seoul_open_data
ST-718,20,,,,,,fallback_20
ST-717,9,2116.0, 에이스에이존빌딩,9.0,,LCD,seoul_open_data
ST-716,20,,,,,,fallback_20
ST-715,15,2112.0, 서울대입구역 마에스트로,15.0,,LCD,seoul_open_data
ST-714,20,2108.0, 은천치안센터,,20.0,QR,seoul_open_data
ST-713,20,,,,,,fallback_20
ST-712,13,2104.0, 사당역 5번출구,13.0,,LCD,seoul_open_data
ST-711,20,,,,,,fallback_20
ST-710,20,,,,,,fallback_20
ST-71,26,225.0, 앙카라공원 앞,,26.0,QR,seoul_open_data
ST-709,15,2144.0, 난우길입구,15.0,,LCD,seoul_open_data
ST-708,20,,,,,,fallback_20
ST-707,10,2127.0, 난곡종점,10.0,,LCD,seoul_open_data
ST-706,20,,,,,,fallback_20
ST-705,12,2106.0, 세이브마트,12.0,,LCD,seoul_open_data
ST-704,12,2105.0, 미성동 신림체육센터,12.0,,LCD,seoul_open_data
ST-703,10,2103.0, 신림동 우방아파트,10.0,,LCD,seoul_open_data
ST-702,13,2102.0, 봉림교 교통섬,13.0,,LCD,seoul_open_data
ST-701,10,2057.0, 상도 아이파크 아파트,10.0,,LCD,seoul_open_data
ST-700,10,2054.0, 삼익아파트,10.0,,LCD,seoul_open_data
ST-70,20,224.0, 롯데캐슬 앞,,20.0,QR,seoul_open_data
ST-7,5,105.0, 합정역 5번출구 앞,,5.0,QR,seoul_open_data
ST-699,15,2050.0, 노량진역 5번출구,15.0,,LCD,seoul_open_data
ST-698,20,,,,,,fallback_20
ST-697,10,2040.0, 비계 버스정류소,10.0,,LCD,seoul_open_data
ST-696,10,2038.0, 동작역 7번출구,10.0,,LCD,seoul_open_data
ST-695,20,2037.0, 동작역 5번출구 동작주차공원,20.0,,LCD,seoul_open_data
ST-694,12,2036.0, 정금마을 마을버스정류장,12.0,,LCD,seoul_open_data
ST-693,15,2027.0, 중앙대학교 정문 1,15.0,,LCD,seoul_open_data
ST-692,20,2025.0, 흑석역 1번출구,20.0,,LCD,seoul_open_data
ST-691,10,2024.0, 상도역 1번출구,10.0,,LCD,seoul_open_data
ST-690,10,2020.0, 장승배기역2번출구뒷편쪽,10.0,,LCD,seoul_open_data
ST-69,20,223.0, 진주아파트상가 앞,,20.0,QR,seoul_open_data
ST-689,20,,,,,,fallback_20
ST-688,10,2016.0, 신대방삼거리역 3번출구쪽,10.0,,LCD,seoul_open_data
ST-687,30,2013.0, 장승배기역 5번출구,30.0,,LCD,seoul_open_data
ST-686,10,2008.0, 노량진근린공원 대방공원,10.0,,LCD,seoul_open_data
ST-685,20,2007.0, 유한양행앞,20.0,,LCD,seoul_open_data
ST-684,20,,,,,,fallback_20
ST-683,17,2002.0, 노들역 1번출구,17.0,,LCD,seoul_open_data
ST-682,20,,,,,,fallback_20
ST-681,20,,,,,,fallback_20
ST-680,20,,,,,,fallback_20
ST-68,12,222.0, 시범아파트버스정류장 옆,,12.0,QR,seoul_open_data
ST-679,15,1937.0, 한진아파트 입구,15.0,,LCD,seoul_open_data
ST-678,16,1933.0, 개봉푸르지오아파트 상가,16.0,,LCD,seoul_open_data
ST-677,7,1930.0, 개봉지구대 개봉치안센터,7.0,,LCD,seoul_open_data
ST-676,10,1929.0, 고척근린공원 고척도서관 앞,,10.0,QR,seoul_open_data
ST-675,10,1928.0, 고척스카이돔구장 광장,10.0,,LCD,seoul_open_data
ST-674,10,1924.0, 삼부르네상스파크빌,10.0,,LCD,seoul_open_data
ST-673,14,1920.0, 서울미래초등학교 사거리,14.0,,LCD,seoul_open_data
ST-672,20,,,,,,fallback_20
ST-671,10,1916.0, 구로중학교앞,10.0,,LCD,seoul_open_data
ST-670,20,,,,,,fallback_20
ST-67,10,221.0, 여의도초교 앞,,10.0,QR,seoul_open_data
ST-669,13,1912.0, 한신휴아파트 앞,13.0,,LCD,seoul_open_data
ST-668,18,1911.0, 구로디지털단지역 앞,18.0,,LCD,seoul_open_data
ST-667,5,1910.0, 낙원교회 맞은편,5.0,,LCD,seoul_open_data
ST-666,12,1908.0, 해원리바파크 육교 밑,12.0,,LCD,seoul_open_data
ST-665,12,1907.0, 구일우성(아) 육교 밑,12.0,,LCD,seoul_open_data
ST-664,20,1906.0, 신도림역 1번 출구 앞,20.0,,LCD,seoul_open_data
ST-663,10,1904.0, 도림천역 1번 출구 앞,10.0,,LCD,seoul_open_data
ST-662,10,1901.0, 신도림동주민센터 앞,10.0,,LCD,seoul_open_data
ST-661,20,,,,,,fallback_20
ST-660,20,1827.0, 독산보도육교 앞 자전거 보관소,,20.0,QR,seoul_open_data
ST-66,15,217.0, NH농협은행 앞,,15.0,QR,seoul_open_data
ST-659,20,,,,,,fallback_20
ST-658,20,,,,,,fallback_20
ST-657,10,1703.0, 도봉산광역환승센터앞,10.0,,LCD,seoul_open_data
ST-656,20,,,,,,fallback_20
ST-655,14,1321.0, 국민은행 종암동지점 앞,14.0,,LCD,seoul_open_data
ST-654,20,,,,,,fallback_20
ST-653,20,,,,,,fallback_20
ST-652,10,1516.0, 우이초등학교 후문 옆,10.0,,LCD,seoul_open_data
ST-651,20,,,,,,fallback_20
ST-650,7,1520.0, 수유중앙시장,,7.0,QR,seoul_open_data
ST-65,20,,,,,,fallback_20
ST-649,20,,,,,,fallback_20
ST-648,20,,,,,,fallback_20
ST-647,20,,,,,,fallback_20
ST-646,20,,,,,,fallback_20
ST-645,15,1506.0, 강북문화예술회관,15.0,,LCD,seoul_open_data
ST-644,10,1504.0, 삼양시장오거리,10.0,,LCD,seoul_open_data
ST-643,20,,,,,,fallback_20
ST-642,10,1819.0, 금천구청 앞 자전거거치대,10.0,,LCD,seoul_open_data
ST-641,10,1835.0, STX V타워,10.0,,LCD,seoul_open_data
ST-640,10,1834.0, 월드메르디앙 벤처센터 2차,10.0,,LCD,seoul_open_data
ST-64,10,215.0, 여의도고교 앞,,10.0,QR,seoul_open_data
ST-639,10,1833.0,독산역 1번출구 A,10.0,,LCD,seoul_open_data
ST-638,10,1831.0, 메이퀸웨딩컨벤션 앞,10.0,,LCD,seoul_open_data
ST-637,19,1830.0, 빅마켓 금천점 앞,19.0,,LCD,seoul_open_data
ST-636,10,1829.0, 홈플러스 금천점 앞,10.0,,LCD,seoul_open_data
ST-635,10,1828.0, 한양수자인아파트 앞,10.0,,LCD,seoul_open_data
ST-634,10,1826.0, 한신코아 앞,10.0,,LCD,seoul_open_data
ST-633,10,1825.0, 한신아파트 앞 육교 아래,,10.0,QR,seoul_open_data
ST-632,25,1824.0, 독산근린공원 입구,25.0,,LCD,seoul_open_data
ST-631,20,,,,,,fallback_20
ST-630,20,,,,,,fallback_20
ST-63,30,220.0, 미성아파트 A동 앞,,30.0,QR,seoul_open_data
ST-629,10,1821.0, 홈플러스 시흥점 맞은편 다비치안경 앞,10.0,,LCD,seoul_open_data
ST-628,10,1820.0, 신한은행 시흥대로금융센터지점,10.0,,LCD,seoul_open_data
ST-627,20,,,,,,fallback_20
ST-626,20,,,,,,fallback_20
ST-625,8,1814.0, 두산위브아파트 옆 상가건물 앞,8.0,,LCD,seoul_open_data
ST-624,10,1812.0, 갑을그레이트밸리 앞,10.0,,LCD,seoul_open_data
ST-623,10,1809.0, LG전자 별관동(호서대 벤처타워 맞은편),10.0,,LCD,seoul_open_data
ST-622,20,1808.0, 에이스하이엔드타워8차 앞,20.0,,LCD,seoul_open_data
ST-621,10,1806.0, 에이스하이엔드타워9차 앞,10.0,,LCD,seoul_open_data
ST-620,10,1805.0, 서울디지털운동장 앞,10.0,,LCD,seoul_open_data
ST-62,12,219.0, 롯데캐슬엠파이어 옆,,12.0,QR,seoul_open_data
ST-619,10,1804.0, 독산역 2번출구 자전거주차장,10.0,,LCD,seoul_open_data
ST-618,20,,,,,,fallback_20
ST-617,20,,,,,,fallback_20
ST-616,20,,,,,,fallback_20
ST-615,20,,,,,,fallback_20
ST-614,20,,,,,,fallback_20
ST-613,20,,,,,,fallback_20
ST-612,20,,,,,,fallback_20
ST-611,20,,,,,,fallback_20
ST-610,20,,,,,,fallback_20
ST-61,20,,,,,,fallback_20
ST-609,20,,,,,,fallback_20
ST-608,20,,,,,,fallback_20
ST-607,20,,,,,,fallback_20
ST-606,20,1617.0, 하계동 중평어린이공원 앞,20.0,,LCD,seoul_open_data
ST-605,10,1616.0, 하계2동 공항버스정류장 옆,10.0,,LCD,seoul_open_data
ST-604,20,1611.0, 과기대 입구(우),20.0,,LCD,seoul_open_data
ST-603,20,1610.0, 화랑대역 2번출구 앞,20.0,,LCD,seoul_open_data
ST-602,10,1606.0, 태릉입구역 3번출구,10.0,,LCD,seoul_open_data
ST-600,10,1601.0, 석계역 문화광장 내 자전거 보관소,,10.0,QR,seoul_open_data
ST-60,21,214.0, 금융감독원 앞,,21.0,QR,seoul_open_data
ST-6,13,104.0, 합정역 1번출구 앞,,13.0,QR,seoul_open_data
ST-599,10,1404.0, 동일로 지하차도,10.0,,LCD,seoul_open_data
ST-598,20,,,,,,fallback_20
ST-597,20,,,,,,fallback_20
ST-596,15,1438.0, 홈플러스 신내점 앞,15.0,,LCD,seoul_open_data
ST-595,15,1437.0, 늘푸른공원 앞,15.0,,LCD,seoul_open_data
ST-594,15,1436.0, 동원베네스트 건물 앞,15.0,,LCD,seoul_open_data
ST-593,20,,,,,,fallback_20
ST-592,20,,,,,,fallback_20
ST-591,20,,,,,,fallback_20
ST-590,10,1426.0, 면목도시개발아파트 1동 앞,10.0,,LCD,seoul_open_data
ST-59,19,213.0, KT앞,,19.0,QR,seoul_open_data
ST-589,10,1425.0,신성미소지움아파트,10.0,,LCD,seoul_open_data
ST-588,10,1424.0, 양원역 2번출구,10.0,,LCD,seoul_open_data
ST-587,10,1422.0, 신내우디안아파트 1단지,10.0,,LCD,seoul_open_data
ST-586,13,1421.0, 신내역 4번출구,13.0,,LCD,seoul_open_data
ST-585,20,,,,,,fallback_20
ST-584,20,,,,,,fallback_20
ST-583,20,,,,,,fallback_20
ST-582,20,,,,,,fallback_20
ST-581,20,,,,,,fallback_20
ST-580,20,,,,,,fallback_20
ST-58,20,,,,,,fallback_20
ST-579,20,,,,,,fallback_20
ST-578,10,1332.0, 석계역 5번출구 건너편,10.0,,LCD,seoul_open_data
ST-577,20,,,,,,fallback_20
ST-576,20,,,,,,fallback_20
ST-575,20,,,,,,fallback_20
ST-574,10,1327.0, 상월곡역 3번출구,10.0,,LCD,seoul_open_data
ST-573,20,,,,,,fallback_20
ST-572,10,1326.0, 상월곡역 1번출구,10.0,,LCD,seoul_open_data
ST-571,10,1325.0, 상월곡역 4번출구,10.0,,LCD,seoul_open_data
ST-570,10,1408.0, 먹골역 6번출구 앞,10.0,,LCD,seoul_open_data
ST-57,20,,,,,,fallback_20
ST-569,20,,,,,,fallback_20
ST-568,10,1405.0, 망우역 1번출구,10.0,,LCD,seoul_open_data
ST-567,20,,,,,,fallback_20
ST-566,15,1403.0, 중화빌딩 앞 (동부시장),15.0,,LCD,seoul_open_data
ST-565,10,1322.0, 래미안라센트아파트 103동 앞,10.0,,LCD,seoul_open_data
ST-564,10,1319.0, 종암사거리 분수대,,10.0,QR,seoul_open_data
ST-563,14,1318.0, 길음역 3번출구 뒤,14.0,,LCD,seoul_open_data
ST-562,10,1316.0, 고려사대부속중고 건너편,10.0,,LCD,seoul_open_data
ST-561,10,1402.0, 금란주차장 앞,10.0,,LCD,seoul_open_data
ST-560,10,1315.0, 고려사대부속중고 정문,10.0,,LCD,seoul_open_data
ST-56,20,,,,,,fallback_20
ST-559,8,1314.0, 정릉꿈에그린1단지 201동 앞,8.0,,LCD,seoul_open_data
ST-558,15,1401.0, 극동늘푸른아파트,15.0,,LCD,seoul_open_data
ST-557,20,,,,,,fallback_20
ST-556,20,,,,,,fallback_20
ST-555,10,176.0, 명지대학교 도서관,10.0,,LCD,seoul_open_data
ST-554,20,,,,,,fallback_20
ST-553,14,1235.0, 잠실트리지움310동 옆,,14.0,QR,seoul_open_data
ST-552,20,,,,,,fallback_20
ST-551,9,1233.0, 잠실3거리(갤러리아팰리스),9.0,,LCD,seoul_open_data
ST-550,10,1232.0, 잠실주공 521동 건너편,10.0,,LCD,seoul_open_data
ST-55,12,209.0, 유진투자증권빌딩 앞,,12.0,QR,seoul_open_data
ST-549,20,,,,,,fallback_20
ST-548,15,1224.0, 아시아지하보도 2번 출구,15.0,,LCD,seoul_open_data
ST-547,23,1222.0, 잠실새내역 5번 출구 뒤,23.0,,LCD,seoul_open_data
ST-546,15,1220.0, 잠실근린공원,15.0,,LCD,seoul_open_data
ST-545,20,,,,,,fallback_20
ST-544,15,1215.0, 올림픽공원역 1번출구 앞,15.0,,LCD,seoul_open_data
ST-543,20,,,,,,fallback_20
ST-542,20,1209.0, 잠실나루역 (2번 출구 쪽),20.0,,LCD,seoul_open_data
ST-541,25,1208.0, 풍납현대아파트쉼터,25.0,,LCD,seoul_open_data
ST-540,20,1206.0, 9호선종합운동장역 9번출구,20.0,,LCD,seoul_open_data
ST-54,20,,,,,,fallback_20
ST-539,15,1205.0, 종합운동장역 4번출구,15.0,,LCD,seoul_open_data
ST-538,10,1148.0, 볏골공원,10.0,,LCD,seoul_open_data
ST-537,20,,,,,,fallback_20
ST-536,10,1145.0, 곰달래 문화복지센터 B,10.0,,LCD,seoul_open_data
ST-535,20,1141.0, 곰달래 문화복지센터 A,10.0,10.0,"LCD,QR",seoul_open_data
ST-534,17,1140.0, 목동사거리 버스정류장,17.0,,LCD,seoul_open_data
ST-533,8,1139.0, 용문사 버스정류장,8.0,,LCD,seoul_open_data
ST-532,10,1137.0, 등촌2동주민센터,10.0,,LCD,seoul_open_data
ST-531,8,1136.0, 등촌2파출소,8.0,,LCD,seoul_open_data
ST-530,16,1135.0, 강서구의회,16.0,,LCD,seoul_open_data
ST-53,35,206.0, KBS 앞,,35.0,QR,seoul_open_data
ST-529,20,,,,,,fallback_20
ST-528,10,1132.0, 등촌역 7번출구,10.0,,LCD,seoul_open_data
ST-527,20,,,,,,fallback_20
ST-526,7,1130.0, 화곡본동시장 버스정류장,7.0,,LCD,seoul_open_data
ST-525,7,1129.0, 화곡역 1번 출구 앞,7.0,,LCD,seoul_open_data
ST-524,10,1127.0, 화곡역 버스정류장,10.0,,LCD,seoul_open_data
ST-523,7,1126.0, 우장산역 1번출구옆(우장산아이파크105동앞),7.0,,LCD,seoul_open_data
ST-522,6,1124.0, 발산역 6번 출구 뒤,,6.0,QR,seoul_open_data
ST-521,20,,,,,,fallback_20
ST-520,20,,,,,,fallback_20
ST-52,20,205.0, 산업은행 앞,,20.0,QR,seoul_open_data
ST-519,15,1121.0, 가양레포츠센터 앞,15.0,,LCD,seoul_open_data
ST-518,25,1120.0, 대림경동아파트앞,25.0,,LCD,seoul_open_data
ST-517,6,1119.0, 염창동 한마음아파트 앞,6.0,,LCD,seoul_open_data
ST-516,10,1118.0, 증미역 3번출구뒤(등촌두산위브센티움오피스텔),10.0,,LCD,seoul_open_data
ST-515,20,,,,,,fallback_20
ST-514,15,1113.0, 서남환경공원 버스정류장,,15.0,QR,seoul_open_data
ST-513,15,1112.0, 마곡엠밸리4단지 정문,,15.0,QR,seoul_open_data
ST-512,20,1111.0, 마곡엠밸리6_7단지 마곡중학교,20.0,,LCD,seoul_open_data
ST-511,6,1109.0, 공항시장역 4번출구,6.0,,LCD,seoul_open_data
ST-510,8,1108.0, 공항시장역 2번출구 뒤,8.0,,LCD,seoul_open_data
ST-51,15,203.0, 국회의사당역 3번출구 옆,,15.0,QR,seoul_open_data
ST-509,10,1105.0, 방화근린공원,10.0,,LCD,seoul_open_data
ST-508,10,1102.0, 방화사거리 마을버스 버스정류장,10.0,,LCD,seoul_open_data
ST-507,10,1101.0,상사마을 버스정류장(아라대교방면),10.0,,LCD,seoul_open_data
ST-506,8,589.0, 성수역3번출구,8.0,,LCD,seoul_open_data
ST-505,20,,,,,,fallback_20
ST-504,15,1021.0, 강일동 리슈빌 빌딩앞,15.0,,LCD,seoul_open_data
ST-503,15,1020.0, 강동경찰서,15.0,,LCD,seoul_open_data
ST-502,10,1019.0, 다성이즈빌아파트(호원대 대각선 맞은편),10.0,,LCD,seoul_open_data
ST-501,20,1017.0, 둔촌고교입구 교차로(길동주민센터 방면),20.0,,LCD,seoul_open_data
ST-500,10,1016.0, 해뜨는 주유소옆 리엔파크 109동앞,10.0,,LCD,seoul_open_data
ST-50,13,204.0, 국회의사당역 5번출구 옆,,13.0,QR,seoul_open_data
ST-5,14,103.0, 망원역 2번출구 앞,,14.0,QR,seoul_open_data
ST-499,13,1015.0, 샛마을 근린공원,13.0,,LCD,seoul_open_data
ST-498,20,,,,,,fallback_20
ST-497,15,1013.0, 강동구청역 1번 출입구,15.0,,LCD,seoul_open_data
ST-496,15,1012.0,천호역효성해링턴타워 앞,15.0,,LCD,seoul_open_data
ST-495,20,1011.0, LIGA 아파트 앞,20.0,,LCD,seoul_open_data
ST-494,20,1010.0, 강동세무서,20.0,,LCD,seoul_open_data
ST-493,20,1009.0, 천호역4번출구(현대백화점),20.0,,LCD,seoul_open_data
ST-492,9,1008.0, 암사역 3번출구(국민은행앞),9.0,,LCD,seoul_open_data
ST-491,14,1007.0,암사동 선사유적지,14.0,,LCD,seoul_open_data
ST-490,10,1006.0, 롯데캐슬 115동앞,10.0,,LCD,seoul_open_data
ST-488,10,1004.0, 삼성광나루아파트 버스정류장,10.0,,LCD,seoul_open_data
ST-487,20,1003.0, 해공도서관앞,20.0,,LCD,seoul_open_data
ST-486,10,1002.0, 해공공원(천호동),10.0,,LCD,seoul_open_data
ST-485,15,1001.0, 광진교 남단 사거리(천호공원 방면),15.0,,LCD,seoul_open_data
ST-484,20,,,,,,fallback_20
ST-483,20,588.0, 뚝섬 유원지역,,20.0,QR,seoul_open_data
ST-482,10,587.0, 유니베라 앞,,10.0,QR,seoul_open_data
ST-481,15,933.0, 역촌종합시장 버스정류장(예일여고 방면),15.0,,LCD,seoul_open_data
ST-480,20,932.0, 예일여중,20.0,,LCD,seoul_open_data
ST-48,20,,,,,,fallback_20
ST-479,19,931.0, 역촌파출소,19.0,,LCD,seoul_open_data
ST-478,7,930.0, 구 서부경찰서 건너편,7.0,,LCD,seoul_open_data
ST-477,20,,,,,,fallback_20
ST-476,15,928.0, 은평역사한옥박물관,15.0,,LCD,seoul_open_data
ST-475,10,927.0, 연신내역 3번출구 인근,10.0,,LCD,seoul_open_data
ST-474,20,,,,,,fallback_20
ST-473,8,925.0, 불광역 2번출구,8.0,,LCD,seoul_open_data
ST-472,20,,,,,,fallback_20
ST-471,10,923.0, 국민은행 연서지점,10.0,,LCD,seoul_open_data
ST-470,10,922.0, 연신내역 4번출구,10.0,,LCD,seoul_open_data
ST-47,30,202.0, 국민일보 앞,,30.0,QR,seoul_open_data
ST-469,8,921.0, 신도고등학교,8.0,,LCD,seoul_open_data
ST-467,10,919.0, 서울혁신파크,10.0,,LCD,seoul_open_data
ST-466,20,,,,,,fallback_20
ST-465,10,917.0, 녹번역 3번출구,,10.0,QR,seoul_open_data
ST-464,13,916.0, 평생학습관 앞,13.0,,LCD,seoul_open_data
ST-463,10,915.0, 증산역 4번출구,10.0,,LCD,seoul_open_data
ST-462,20,914.0, 새절역 2번출구,20.0,,LCD,seoul_open_data
ST-461,15,913.0, 이마트 버스정류장(서부경찰서 방면),15.0,,LCD,seoul_open_data
ST-460,20,912.0, 응암오거리,20.0,,LCD,seoul_open_data
ST-46,15,201.0, 진미파라곤 앞,,15.0,QR,seoul_open_data
ST-459,10,911.0, 은평평화공원(역촌역4번출구),10.0,,LCD,seoul_open_data
ST-457,10,909.0, 백련산 힐스테이트 3차,,10.0,QR,seoul_open_data
ST-456,10,908.0, 구산역 4번출구,10.0,,LCD,seoul_open_data
ST-455,10,907.0, CJ 드림시티,10.0,,LCD,seoul_open_data
ST-454,10,906.0, 연신내역 5번출구,10.0,,LCD,seoul_open_data
ST-453,10,905.0, 구파발역 2번출구,,10.0,QR,seoul_open_data
ST-452,18,904.0, 은평뉴타운 푸르지오,18.0,,LCD,seoul_open_data
ST-451,20,903.0, 은평뉴타운 아이파크,,20.0,QR,seoul_open_data
ST-450,10,902.0, 진관동 은빛초등학교,10.0,,LCD,seoul_open_data
ST-45,18,200.0, 국회의원회관,,18.0,QR,seoul_open_data
ST-449,20,,,,,,fallback_20
ST-448,20,900.0, 은평예술회관,,20.0,QR,seoul_open_data
ST-447,10,586.0, 마장동 주민센터,,10.0,QR,seoul_open_data
ST-446,9,585.0, 성수2가1동 공영주차장 인근,,9.0,QR,seoul_open_data
ST-445,20,584.0, 광진광장 교통섬,,20.0,QR,seoul_open_data
ST-444,10,388.0, 동성중학교 앞,10.0,,LCD,seoul_open_data
ST-443,30,199.0, 서울 월드컵 경기장,,30.0,QR,seoul_open_data
ST-442,15,825.0, 서빙고동 주민센터 앞,,15.0,QR,seoul_open_data
ST-441,10,823.0, 효창동주민센터 앞,,10.0,QR,seoul_open_data
ST-440,10,822.0, 이촌1동 마을공원,,10.0,QR,seoul_open_data
ST-439,10,820.0, 청파동입구 교차로,10.0,,LCD,seoul_open_data
ST-438,12,819.0, 선린인터넷 고등학교,12.0,,LCD,seoul_open_data
ST-437,12,818.0, 숙명여대 입구 교차로,,12.0,QR,seoul_open_data
ST-436,9,817.0, 삼각지역 4번출구 앞,,9.0,QR,seoul_open_data
ST-435,25,816.0, 신용산역 6번출구 앞,25.0,,LCD,seoul_open_data
ST-434,20,,,,,,fallback_20
ST-433,20,,,,,,fallback_20
ST-432,10,720.0, 서울강월초등학교 앞,10.0,,LCD,seoul_open_data
ST-431,10,719.0, 홍익병원앞 교차로,10.0,,LCD,seoul_open_data
ST-430,20,,,,,,fallback_20
ST-43,10,139.0, 연세대 정문 건너편,,10.0,QR,seoul_open_data
ST-429,20,,,,,,fallback_20
ST-428,23,716.0,신정6동 주민센터 인근,23.0,,LCD,seoul_open_data
ST-427,20,,,,,,fallback_20
ST-426,20,272.0, 당산육갑문,20.0,,LCD,seoul_open_data
ST-425,10,271.0, 샛강생태공원방문자센터 앞,10.0,,LCD,seoul_open_data
ST-424,10,270.0, 증권거래소후문교차로,,10.0,QR,seoul_open_data
ST-422,6,268.0, 그랜드컨벤션센터 앞,6.0,,LCD,seoul_open_data
ST-421,10,267.0, 삼성화재 사옥 옆,,10.0,QR,seoul_open_data
ST-420,10,266.0, 영등포청과시장 사거리,,10.0,QR,seoul_open_data
ST-42,10,141.0, 연대 대운동장 옆,,10.0,QR,seoul_open_data
ST-419,11,265.0, 영등포유통상가 사거리,,11.0,QR,seoul_open_data
ST-418,15,264.0, 교보생명보험 앞,,15.0,QR,seoul_open_data
ST-417,12,263.0, 근로자회관 사거리,,12.0,QR,seoul_open_data
ST-416,20,,,,,,fallback_20
ST-414,15,260.0, 여의도 마리나선착장 앞,15.0,,LCD,seoul_open_data
ST-413,13,230.0, 영등포구청역 1번출구,,13.0,QR,seoul_open_data
ST-410,10,643.0, 동대문구민체육센터 (육교아래),,10.0,QR,seoul_open_data
ST-41,22,140.0, 이화여대 후문,,22.0,QR,seoul_open_data
ST-409,9,642.0, 신답역 사거리,,9.0,QR,seoul_open_data
ST-408,10,641.0, 용두역 4번출구,,10.0,QR,seoul_open_data
ST-407,6,640.0, 동대문경찰서 교차로,6.0,,LCD,seoul_open_data
ST-406,20,,,,,,fallback_20
ST-405,20,,,,,,fallback_20
ST-404,10,637.0, KAIST 경영대학 앞,10.0,,LCD,seoul_open_data
ST-403,9,636.0, 세종대왕기념관 교차로,9.0,,LCD,seoul_open_data
ST-402,12,635.0, 시조사 앞,12.0,,LCD,seoul_open_data
ST-401,24,634.0, 외국어대 정문 앞,24.0,,LCD,seoul_open_data
ST-400,8,633.0, 청량리 기업은행 앞,,8.0,QR,seoul_open_data
ST-40,10,138.0, 신촌동 제1공영주차장 앞,,10.0,QR,seoul_open_data
ST-4,15,102.0, 망원역 1번출구 앞,,15.0,QR,seoul_open_data
ST-399,20,,,,,,fallback_20
ST-398,15,631.0, 답십리역 1번출구,,15.0,QR,seoul_open_data
ST-397,15,630.0, 동대문구 보건소,,15.0,QR,seoul_open_data
ST-396,15,628.0, 휘봉고등학교 앞,,15.0,QR,seoul_open_data
ST-395,10,627.0, 장안동삼거리 교통섬,,10.0,QR,seoul_open_data
ST-394,17,626.0, 군자교 서측 녹지대,,17.0,QR,seoul_open_data
ST-393,20,,,,,,fallback_20
ST-392,10,624.0, 전농동 동아아파트 앞,,10.0,QR,seoul_open_data
ST-391,25,623.0,서울시립대 정문 앞 B,25.0,,LCD,seoul_open_data
ST-390,15,622.0, 전농사거리 교통섬,,15.0,QR,seoul_open_data
ST-39,10,137.0, 신촌기차역입구 교차로,,10.0,QR,seoul_open_data
ST-389,8,621.0,전농초등학교 건너편,,8.0,QR,seoul_open_data
ST-388,10,577.0, 광진청소년수련관,,10.0,QR,seoul_open_data
ST-387,10,576.0, 광나루역 3번 출구,10.0,,LCD,seoul_open_data
ST-386,10,575.0, 대원중고교 입구(대하빌딩),10.0,,LCD,seoul_open_data
ST-385,45,574.0, 아차산역4번출구,,45.0,QR,seoul_open_data
ST-384,20,,,,,,fallback_20
ST-383,20,,,,,,fallback_20
ST-382,20,571.0, 세종대학교 대양AI센터,,20.0,QR,seoul_open_data
ST-381,9,555.0, 구의3동주민센터,9.0,,LCD,seoul_open_data
ST-380,20,,,,,,fallback_20
ST-38,20,,,,,,fallback_20
ST-379,19,553.0, 중곡 성원아파트 앞,19.0,,LCD,seoul_open_data
ST-378,9,552.0, 대림아크로리버 앞,9.0,,LCD,seoul_open_data
ST-377,13,551.0, 구의삼성쉐르빌 앞,,13.0,QR,seoul_open_data
ST-376,20,583.0, 청계천 생태교실 앞,20.0,,LCD,seoul_open_data
ST-375,10,582.0, 경일중학교 앞,,10.0,QR,seoul_open_data
ST-374,20,,,,,,fallback_20
ST-373,20,,,,,,fallback_20
ST-372,8,579.0, 마장역 4번출구,8.0,,LCD,seoul_open_data
ST-371,8,578.0, 성동세무서 부근,,8.0,QR,seoul_open_data
ST-370,10,569.0, 응봉현대아파트 정류소,,10.0,QR,seoul_open_data
ST-37,10,135.0, 명물길 원형무대 앞,,10.0,QR,seoul_open_data
ST-369,14,568.0,청계8가 사거리 B,14.0,,LCD,seoul_open_data
ST-368,20,,,,,,fallback_20
ST-367,20,,,,,,fallback_20
ST-366,19,565.0, 옥수역 3번출구,,19.0,QR,seoul_open_data
ST-365,10,564.0, 금호역 3번출구,10.0,,LCD,seoul_open_data
ST-364,10,563.0, 성동세무서 건너편,10.0,,LCD,seoul_open_data
ST-363,20,,,,,,fallback_20
ST-362,10,561.0, 서울숲역 2번출구 앞,,10.0,QR,seoul_open_data
ST-361,8,560.0, 비전교회 앞,,8.0,QR,seoul_open_data
ST-360,13,559.0, 왕십리역 4번 출구 건너편,,13.0,QR,seoul_open_data
ST-36,8,134.0, 연세로 명물길,,8.0,QR,seoul_open_data
ST-359,20,558.0, 성동광진 교육지원청 앞,20.0,,LCD,seoul_open_data
ST-358,10,557.0, 도선동 주민센터 앞,,10.0,QR,seoul_open_data
ST-357,14,556.0, 달맞이공원,14.0,,LCD,seoul_open_data
ST-356,20,,,,,,fallback_20
ST-355,20,,,,,,fallback_20
ST-354,15,198.0, 충정2교,,15.0,QR,seoul_open_data
ST-353,20,,,,,,fallback_20
ST-352,10,196.0, 연희교차로 인근,,10.0,QR,seoul_open_data
ST-351,10,195.0, 모래내고가차도,10.0,,LCD,seoul_open_data
ST-350,10,194.0, 증산교 앞,,10.0,QR,seoul_open_data
ST-35,15,133.0, 해담는다리,,15.0,QR,seoul_open_data
ST-349,10,178.0, 증산3교 앞,10.0,,LCD,seoul_open_data
ST-348,10,192.0, 연서어린이공원,,10.0,QR,seoul_open_data
ST-347,10,191.0, 서우빌딩,10.0,,LCD,seoul_open_data
ST-346,9,188.0, 홍은동 정원여중 입구,,9.0,QR,seoul_open_data
ST-345,8,177.0, 북가좌 초등학교,8.0,,LCD,seoul_open_data
ST-344,40,186.0, 월드컵공원,,40.0,QR,seoul_open_data
ST-3431,20,,,,,,fallback_20
ST-3430,20,,,,,,fallback_20
ST-343,15,185.0, 마포 신수공원 앞,,15.0,QR,seoul_open_data
ST-3429,20,,,,,,fallback_20
ST-3428,20,,,,,,fallback_20
ST-3427,20,,,,,,fallback_20
ST-3426,20,,,,,,fallback_20
ST-3425,20,,,,,,fallback_20
ST-3424,11,6189.0,데시앙 플렉스 지식산업센터,,11.0,QR,seoul_open_data
ST-3423,20,,,,,,fallback_20
ST-3422,20,,,,,,fallback_20
ST-3421,10,6190.0,마곡광장(마곡나루역 5번출구),,10.0,QR,seoul_open_data
ST-3420,5,5602.0,레미안 신반포 리오센트 후문,,5.0,QR,seoul_open_data
ST-342,9,184.0, 7번가피자 서교망원점,,9.0,QR,seoul_open_data
ST-3419,10,6188.0,금호아파트,,10.0,QR,seoul_open_data
ST-3418,20,,,,,,fallback_20
ST-3417,7,5896.0,영드포구청역 6번출구,,7.0,QR,seoul_open_data
ST-3416,10,4549.0,목동4단지 아파트,,10.0,QR,seoul_open_data
ST-3415,20,,,,,,fallback_20
ST-3414,10,4942.0,율현삼거리,,10.0,QR,seoul_open_data
ST-3413,10,6062.0,서울역 파출소,,10.0,QR,seoul_open_data
ST-3412,6,6063.0,NH농협은행(신당역 6번출구),,6.0,QR,seoul_open_data
ST-3411,10,4281.0,명지대 사거리(2),,10.0,QR,seoul_open_data
ST-3410,5,4280.0,북가좌2동 주민센터,,5.0,QR,seoul_open_data
ST-341,15,183.0, 하늘채코오롱아파트 건너편,15.0,,LCD,seoul_open_data
ST-3409,20,,,,,,fallback_20
ST-3408,9,5509.0,신석초교 앞,,9.0,QR,seoul_open_data
ST-3407,7,4548.0,신목동역 1번 출구,,7.0,QR,seoul_open_data
ST-3406,20,,,,,,fallback_20
ST-3405,35,4147.0,청량리역 광장,,35.0,QR,seoul_open_data
ST-3404,15,5895.0,생각공장 당산,,15.0,QR,seoul_open_data
ST-3403,20,5651.0,한강버스 옥수 선착장,,20.0,QR,seoul_open_data
ST-3402,30,5891.0,한강버스 여의도 선착장,,30.0,QR,seoul_open_data
ST-3401,11,5890.0,여의나루역 3번출구,,11.0,QR,seoul_open_data
ST-3400,10,5154.0,광진구청 앞,,10.0,QR,seoul_open_data
ST-340,9,182.0, 망원2빗물펌프장 앞,,9.0,QR,seoul_open_data
ST-34,20,,,,,,fallback_20
ST-3399,8,4097.0,숭미파출소 사거리 (쌍문동 시티프라디움 앞),,8.0,QR,seoul_open_data
ST-3398,10,5894.0,영등포세무서,,10.0,QR,seoul_open_data
ST-3397,10,5893.0,한국산업은행,,10.0,QR,seoul_open_data
ST-3396,10,3989.0,가산디지털단지 9번출구 인근,,10.0,QR,seoul_open_data
ST-3394,10,4941.0,압구정로 11길,,10.0,QR,seoul_open_data
ST-3393,10,4401.0,뚝섬유수지 공영주차장,,10.0,QR,seoul_open_data
ST-3392,10,4182.0,보라매병원역 2번출구,,10.0,QR,seoul_open_data
ST-3391,30,5784.0,한강버스 잠실 선착장,,30.0,QR,seoul_open_data
ST-3390,30,5153.0,한강버스 뚝섬 선착장,,30.0,QR,seoul_open_data
ST-339,15,181.0, 망원초록길 입구,15.0,,LCD,seoul_open_data
ST-3389,30,4940.0,한강버스 압구정 선착장,,30.0,QR,seoul_open_data
ST-3388,30,5515.0,한강버스 망원 선착장,,30.0,QR,seoul_open_data
ST-3386,5,4939.0,도산공원,,5.0,QR,seoul_open_data
ST-3385,20,,,,,,fallback_20
ST-3384,20,,,,,,fallback_20
ST-3383,7,5892.0,국회의사당 본관 좌측,,7.0,QR,seoul_open_data
ST-3382,7,4146.0,이삭어린이공원,,7.0,QR,seoul_open_data
ST-3381,10,6061.0,충무아트센터,,10.0,QR,seoul_open_data
ST-3380,10,5514.0,공덕역 1번출구,,10.0,QR,seoul_open_data
ST-338,10,387.0, 훈련원공원주차장 앞,10.0,,LCD,seoul_open_data
ST-3379,5,4350.0,누리숲어린이공원 앞,,5.0,QR,seoul_open_data
ST-3378,20,,,,,,fallback_20
ST-3377,10,5889.0,의원회관 출입구 앞,,10.0,QR,seoul_open_data
ST-3376,10,4938.0,LH수서2단지 201동 앞,,10.0,QR,seoul_open_data
ST-3375,7,5888.0,여의도성당,,7.0,QR,seoul_open_data
ST-3374,12,5887.0,나루마을 마당공원,,12.0,QR,seoul_open_data
ST-3373,20,,,,,,fallback_20
ST-3372,10,4964.0,암사역사공원역1번출구 A,,10.0,QR,seoul_open_data
ST-3371,10,6183.0,K스퀘어 마곡,,10.0,QR,seoul_open_data
ST-3370,10,6182.0,오스템임플란트 비전타워,,10.0,QR,seoul_open_data
ST-337,20,,,,,,fallback_20
ST-3369,9,5152.0,이스트폴 105동방면입구,,9.0,QR,seoul_open_data
ST-3368,20,,,,,,fallback_20
ST-3367,20,,,,,,fallback_20
ST-3366,20,,,,,,fallback_20
ST-3365,9,6180.0,양천향교역 3번출구(1),,9.0,QR,seoul_open_data
ST-3364,5,4937.0,개포래미안포레스트126동 앞,,5.0,QR,seoul_open_data
ST-3363,10,4144.0,시립대학교 박물관 앞,,10.0,QR,seoul_open_data
ST-3362,5,4145.0,청량리동 주민센터,,5.0,QR,seoul_open_data
ST-3361,6,4349.0,삼성화재서초타워,,6.0,QR,seoul_open_data
ST-3360,7,4346.0,장학재단빌딩 앞,,7.0,QR,seoul_open_data
ST-336,10,385.0, 종각역 5번출구,10.0,,LCD,seoul_open_data
ST-3359,10,5886.0,신풍역 2번출구,,10.0,QR,seoul_open_data
ST-3358,20,,,,,,fallback_20
ST-3357,10,5341.0,공릉동효성아파트 앞,,10.0,QR,seoul_open_data
ST-3356,5,4143.0,서울동물복지지원센터 동대문,,5.0,QR,seoul_open_data
ST-3355,10,5513.0,마포음식문화거리,,10.0,QR,seoul_open_data
ST-3354,8,4721.0,통인시장 정자,,8.0,QR,seoul_open_data
ST-3353,6,4142.0,현대썬앤빌 앞,,6.0,QR,seoul_open_data
ST-3352,20,,,,,,fallback_20
ST-3351,10,3900.0,건국대학교 신공학관,,10.0,QR,seoul_open_data
ST-3350,5,4348.0,사당역 1번출구,,5.0,QR,seoul_open_data
ST-335,30,815.0, LIG강촌아파트 103동앞,,30.0,QR,seoul_open_data
ST-3349,5,4278.0,홍은2동주민센터,,5.0,QR,seoul_open_data
ST-3348,8,4936.0,SK텔레콤(T1) 인근,,8.0,QR,seoul_open_data
ST-3347,5,4277.0,서대문우체국 정류소 옆,,5.0,QR,seoul_open_data
ST-3346,20,,,,,,fallback_20
ST-3345,7,4846.0,상봉동양엔파트 앞,,7.0,QR,seoul_open_data
ST-3344,10,4427.0,동일하이빌뉴시티,,10.0,QR,seoul_open_data
ST-3343,5,5782.0,오금현대아파트 상가입구 앞,,5.0,QR,seoul_open_data
ST-3342,8,6060.0,신한은행 본점,,8.0,QR,seoul_open_data
ST-3341,10,5885.0,신정교하부,,10.0,QR,seoul_open_data
ST-3340,10,3899.0,아차산역 2번출구,,10.0,QR,seoul_open_data
ST-334,20,813.0, 삼각지역 3번출구,,20.0,QR,seoul_open_data
ST-3339,20,,,,,,fallback_20
ST-3338,8,5342.0,상계공원 입구,,8.0,QR,seoul_open_data
ST-3337,10,6178.0,마스터밸류에이스 지식산업센터,,10.0,QR,seoul_open_data
ST-3336,10,4959.0,암사역사공원역 3번출구,,10.0,QR,seoul_open_data
ST-3335,20,,,,,,fallback_20
ST-3334,6,4141.0,우리은행장안지점 앞,,6.0,QR,seoul_open_data
ST-3333,7,4140.0,신설동역 4번출구,,7.0,QR,seoul_open_data
ST-3332,10,4347.0,논현지하보도,,10.0,QR,seoul_open_data
ST-3331,8,5884.0,GS강서타워,,8.0,QR,seoul_open_data
ST-3330,8,5883.0,영문초사거리,,8.0,QR,seoul_open_data
ST-333,20,,,,,,fallback_20
ST-3329,20,,,,,,fallback_20
ST-3328,7,4139.0,조일빌딩 앞,,7.0,QR,seoul_open_data
ST-3327,7,6176.0,유광사 여성병원 앞,,7.0,QR,seoul_open_data
ST-3326,7,4399.0,더리브 세종타워 앞,,7.0,QR,seoul_open_data
ST-3325,12,4398.0,유원지식산업센터 앞,,12.0,QR,seoul_open_data
ST-3324,10,6177.0,마곡롯데캐슬르웨스트,,10.0,QR,seoul_open_data
ST-3323,7,5882.0,휴젠느,,7.0,QR,seoul_open_data
ST-3322,7,5881.0,세계청소년NGO교육문화원,,7.0,QR,seoul_open_data
ST-3321,14,4397.0,마장축산물시장 북문 건너편,,14.0,QR,seoul_open_data
ST-3320,8,4396.0,마장축산물시장 서문 인근,,8.0,QR,seoul_open_data
ST-332,20,811.0, 녹사평역1번출구,,20.0,QR,seoul_open_data
ST-3319,7,5880.0,국회박물관,,7.0,QR,seoul_open_data
ST-3318,8,5879.0,국회도서관 2문 앞,,8.0,QR,seoul_open_data
ST-3317,5,4138.0,답십리 사거리,,5.0,QR,seoul_open_data
ST-3316,10,4137.0,답십리역 4번출구,,10.0,QR,seoul_open_data
ST-3315,20,5878.0,우리은행 앞,,20.0,QR,seoul_open_data
ST-3314,10,5877.0,문래동 꽃밭정원,,10.0,QR,seoul_open_data
ST-3313,10,5876.0,에이스하이테크시티 4동 앞,,10.0,QR,seoul_open_data
ST-3312,20,,,,,,fallback_20
ST-3311,15,3939.0,신도림역 3번출구,,15.0,QR,seoul_open_data
ST-3310,6,4345.0,반포역 4번출구,,6.0,QR,seoul_open_data
ST-331,10,810.0, 이태원지하보도,10.0,,LCD,seoul_open_data
ST-3309,8,3894.0,노룬산시장앞,,8.0,QR,seoul_open_data
ST-3308,20,,,,,,fallback_20
ST-3307,8,4931.0,디에이치퍼스티어아이파크 124동 앞,,8.0,QR,seoul_open_data
ST-3306,10,3937.0,개봉역 신영지웰에스테이트,,10.0,QR,seoul_open_data
ST-3305,8,6059.0,덕수중학교,,8.0,QR,seoul_open_data
ST-3304,15,4547.0,목동역 2번출구,,15.0,QR,seoul_open_data
ST-3303,10,3936.0,힐스테이트 신도림역,,10.0,QR,seoul_open_data
ST-3302,8,4935.0,도곡삼성래미안,,8.0,QR,seoul_open_data
ST-3301,20,,,,,,fallback_20
ST-3300,14,5781.0,올림픽공원 수영장,,14.0,QR,seoul_open_data
ST-330,10,809.0, 한남 유수지 복개주차장,,10.0,QR,seoul_open_data
ST-33,20,131.0, 증산2교,,20.0,QR,seoul_open_data
ST-3299,20,,,,,,fallback_20
ST-3298,20,,,,,,fallback_20
ST-3297,10,6058.0,서울도시건축전시관 옆,,10.0,QR,seoul_open_data
ST-3296,20,,,,,,fallback_20
ST-3295,20,,,,,,fallback_20
ST-3294,20,,,,,,fallback_20
ST-3293,20,,,,,,fallback_20
ST-3292,20,,,,,,fallback_20
ST-3291,6,6057.0,을지로5가(방산시장),,6.0,QR,seoul_open_data
ST-3290,20,,,,,,fallback_20
ST-329,10,808.0, 서빙고동 금호맨션 앞,,10.0,QR,seoul_open_data
ST-3289,13,5335.0,하계역 1번 출구,,13.0,QR,seoul_open_data
ST-3288,10,5333.0,노원역 9번-10번 출구 앞,,10.0,QR,seoul_open_data
ST-3287,11,5332.0,마들역 4번 출구,,11.0,QR,seoul_open_data
ST-3286,7,4136.0,롯데캐슬SKY-L65 D동 앞,,7.0,QR,seoul_open_data
ST-3285,20,,,,,,fallback_20
ST-3284,20,,,,,,fallback_20
ST-3283,7,5872.0,서경팰리스 앞,,7.0,QR,seoul_open_data
ST-3282,20,,,,,,fallback_20
ST-3281,10,6172.0,가양5단지아파트,,10.0,QR,seoul_open_data
ST-3280,20,,,,,,fallback_20
ST-328,10,807.0, 서울역 12번 출구 앞,,10.0,QR,seoul_open_data
ST-3279,6,4693.0,수색감리교회,,6.0,QR,seoul_open_data
ST-3278,20,,,,,,fallback_20
ST-3277,2,4394.0,서울시립24시간게스트하우스,,2.0,QR,seoul_open_data
ST-3276,12,6171.0,월드빌딩 앞,,12.0,QR,seoul_open_data
ST-3275,20,,,,,,fallback_20
ST-3274,20,,,,,,fallback_20
ST-3273,20,,,,,,fallback_20
ST-3272,8,5508.0,성산유수지공원,,8.0,QR,seoul_open_data
ST-3271,10,5507.0,아현래미안푸르지오아파트 104동 앞,,10.0,QR,seoul_open_data
ST-3270,20,,,,,,fallback_20
ST-327,20,806.0, 전자랜드 본관 앞,20.0,,LCD,seoul_open_data
ST-3269,8,4095.0,방학브라운스톤아파트,,8.0,QR,seoul_open_data
ST-3268,10,4930.0,학여울역 1번 출구,,10.0,QR,seoul_open_data
ST-3267,20,,,,,,fallback_20
ST-3266,20,,,,,,fallback_20
ST-3265,10,4393.0,상원삼거리 장안철교 아래,,10.0,QR,seoul_open_data
ST-3264,10,4425.0,하늘채코오롱아파트 앞,,10.0,QR,seoul_open_data
ST-3263,2,5100.0,강서도로사업소,,2.0,QR,seoul_open_data
ST-3262,10,5326.0,대진고교앞 교차로,,10.0,QR,seoul_open_data
ST-3261,20,5098.0,LG사이언스파크 W4동,,20.0,QR,seoul_open_data
ST-3260,40,5099.0,LG사이언스파크 E7동,,40.0,QR,seoul_open_data
ST-326,9,805.0, 문배어린이공원 앞,9.0,,LCD,seoul_open_data
ST-3259,40,5097.0,LG사이언스파크 E2동,,40.0,QR,seoul_open_data
ST-3258,18,4135.0,삼성생명 앞,,18.0,QR,seoul_open_data
ST-3257,20,,,,,,fallback_20
ST-3256,13,5323.0,하계역 4번출구 앞,,13.0,QR,seoul_open_data
ST-3255,8,6055.0,한국경제,,8.0,QR,seoul_open_data
ST-3254,6,4929.0,파스쿠찌 청담사거리점 앞,,6.0,QR,seoul_open_data
ST-3253,8,4843.0,봉화산역 4번 출구,,8.0,QR,seoul_open_data
ST-3252,10,3935.0,고대구로병원 앞,,10.0,QR,seoul_open_data
ST-3251,57,5096.0,LG사이언스파크 E14동,,57.0,QR,seoul_open_data
ST-3250,13,5871.0,건영상가 앞,,13.0,QR,seoul_open_data
ST-325,20,,,,,,fallback_20
ST-3249,7,4643.0,한가람아파트 앞,,7.0,QR,seoul_open_data
ST-3248,20,,,,,,fallback_20
ST-3247,11,5777.0,호반써밋12단지,,11.0,QR,seoul_open_data
ST-3246,20,,,,,,fallback_20
ST-3245,20,,,,,,fallback_20
ST-3244,10,5506.0,월드컵참누리아파트,,10.0,QR,seoul_open_data
ST-3243,7,4925.0,청담백영빌딩 앞,,7.0,QR,seoul_open_data
ST-3242,10,5775.0,가락시장역 5번출구,,10.0,QR,seoul_open_data
ST-3241,10,5869.0,영등포아트홀 앞,,10.0,QR,seoul_open_data
ST-3240,10,4926.0,대치우성아파트 사거리,,10.0,QR,seoul_open_data
ST-324,9,802.0, 한강진역 2번 출구 앞,9.0,,LCD,seoul_open_data
ST-3239,10,5870.0,LG트윈타워 앞,,10.0,QR,seoul_open_data
ST-3238,6,5868.0,로프트시티오피스텔,,6.0,QR,seoul_open_data
ST-3237,10,3933.0,오류동부골든아파트 후문 옆,,10.0,QR,seoul_open_data
ST-3236,5,3988.0,엘아르베뉴 102동 앞,,5.0,QR,seoul_open_data
ST-3235,10,5867.0,H타워 앞,,10.0,QR,seoul_open_data
ST-3234,6,3726.0,삼양동사거리,,6.0,QR,seoul_open_data
ST-3233,20,4842.0,면목라온프라이빗 아파트,,20.0,QR,seoul_open_data
ST-3232,12,5773.0,송파시그니처롯데캐슬,,12.0,QR,seoul_open_data
ST-3231,20,,,,,,fallback_20
ST-3230,10,5774.0,가락본동주민센터 인근,,10.0,QR,seoul_open_data
ST-323,20,,,,,,fallback_20
ST-3229,20,,,,,,fallback_20
ST-3228,5,4390.0,신답역 1번출구,,5.0,QR,seoul_open_data
ST-3227,14,4546.0,목동운동장 주경기장,,14.0,QR,seoul_open_data
ST-3226,9,5095.0,원당근린공원,,9.0,QR,seoul_open_data
ST-3225,7,3934.0,철도교통관제센터 정문 앞,,7.0,QR,seoul_open_data
ST-3224,10,4545.0,청소년음악센터,,10.0,QR,seoul_open_data
ST-3223,7,3931.0,천왕역 3번 출구 뒤,,7.0,QR,seoul_open_data
ST-3222,10,3932.0,개봉센트레빌레우스아파트 앞,,10.0,QR,seoul_open_data
ST-3221,5,4341.0,영동1교 북단,,5.0,QR,seoul_open_data
ST-3220,5,4340.0,방배래미안아트힐아파트 앞,,5.0,QR,seoul_open_data
ST-322,15,800.0, 목월공원 앞,15.0,,LCD,seoul_open_data
ST-3219,10,3987.0,LG전자가산A와 가산테라타워 사이,,10.0,QR,seoul_open_data
ST-3218,20,,,,,,fallback_20
ST-3217,20,,,,,,fallback_20
ST-3216,20,,,,,,fallback_20
ST-3215,8,4544.0,경창시장,,8.0,QR,seoul_open_data
ST-3214,12,5768.0,방이삼거리,,12.0,QR,seoul_open_data
ST-3213,7,5504.0,아현교회,,7.0,QR,seoul_open_data
ST-3212,8,5866.0,포레나 당산,,8.0,QR,seoul_open_data
ST-3211,5,5321.0,불암아파트 앞,,5.0,QR,seoul_open_data
ST-3210,5,6054.0,청구e편한세상아파트 113동 앞,,5.0,QR,seoul_open_data
ST-321,10,714.0, 한국SGI 양천문화회관 앞,10.0,,LCD,seoul_open_data
ST-3209,5,4952.0,천호시장 버스정류소 옆,,5.0,QR,seoul_open_data
ST-3208,8,4924.0,논현동가구거리,,8.0,QR,seoul_open_data
ST-3207,9,4923.0,수협대치동지점,,9.0,QR,seoul_open_data
ST-3206,10,4134.0,제기동 현대아파트 앞,,10.0,QR,seoul_open_data
ST-3205,5,4389.0,서울숲역3번출구,,5.0,QR,seoul_open_data
ST-3204,10,5865.0,더리브오피스텔 앞,,10.0,QR,seoul_open_data
ST-3203,10,4423.0,현대백화점 미아점,,10.0,QR,seoul_open_data
ST-3202,10,4275.0,농협생명본사빌딩 서관,,10.0,QR,seoul_open_data
ST-3201,5,4690.0,은평뉴타운폭포동 힐스테이트4단지,,5.0,QR,seoul_open_data
ST-3200,8,5864.0,장훈고 앞,,8.0,QR,seoul_open_data
ST-320,20,713.0, 양서중학교 옆,,20.0,QR,seoul_open_data
ST-32,10,130.0, 신촌역(2호선) 7번출구 앞,,10.0,QR,seoul_open_data
ST-3199,20,,,,,,fallback_20
ST-3198,7,4133.0,래미안허브리츠아파트 앞,,7.0,QR,seoul_open_data
ST-3197,20,,,,,,fallback_20
ST-3196,5,3986.0,청년주택 독산동점,,5.0,QR,seoul_open_data
ST-3195,10,3928.0,고척아이파크아파트 106동 앞,,10.0,QR,seoul_open_data
ST-3194,15,3929.0,고척아이파크아파트 205동 앞,,15.0,QR,seoul_open_data
ST-3193,20,,,,,,fallback_20
ST-3192,20,,,,,,fallback_20
ST-3191,20,,,,,,fallback_20
ST-3190,15,5766.0,북위례1,,15.0,QR,seoul_open_data
ST-319,14,712.0, 강월초교입구 사거리,14.0,,LCD,seoul_open_data
ST-3189,8,3930.0,온수역 2번 출구 앞,,8.0,QR,seoul_open_data
ST-3188,7,3890.0,웰츠타워 오피스텔,,7.0,QR,seoul_open_data
ST-3187,14,5862.0,당산역11번출구,,14.0,QR,seoul_open_data
ST-3186,20,,,,,,fallback_20
ST-3185,20,,,,,,fallback_20
ST-3184,20,3724.0,삼양동주민센터 앞,,20.0,QR,seoul_open_data
ST-3183,20,,,,,,fallback_20
ST-3182,9,3927.0,구로월드아파트 앞,,9.0,QR,seoul_open_data
ST-3181,10,4337.0,우면산등산로입구,,10.0,QR,seoul_open_data
ST-3180,10,4336.0,서울교육청 교육연수원 앞,,10.0,QR,seoul_open_data
ST-318,20,711.0, 신일해피트리아파트 앞,20.0,,LCD,seoul_open_data
ST-3179,5,4917.0,일원에코파크 주차장,,5.0,QR,seoul_open_data
ST-3178,6,4919.0,학여울역사거리(은마아파트),,6.0,QR,seoul_open_data
ST-3177,10,4092.0,도봉경찰서 교차로,,10.0,QR,seoul_open_data
ST-3176,20,,,,,,fallback_20
ST-3175,15,4090.0,녹천교 앞 사거리,,15.0,QR,seoul_open_data
ST-3174,10,5319.0,연해피빌 앞,,10.0,QR,seoul_open_data
ST-3173,10,4132.0,이문삼익아파트 앞,,10.0,QR,seoul_open_data
ST-3172,20,,,,,,fallback_20
ST-3171,10,5860.0,어울림병원 앞,,10.0,QR,seoul_open_data
ST-3170,10,5861.0,보라주유소 앞,,10.0,QR,seoul_open_data
ST-317,10,710.0, 금옥여고보도육교,,10.0,QR,seoul_open_data
ST-3169,10,4689.0,은평서해그랑블아파트앞,,10.0,QR,seoul_open_data
ST-3168,15,4841.0,중화수경공원,,15.0,QR,seoul_open_data
ST-3167,5,5317.0,공릉동 신도1차 아파트 뒤,,5.0,QR,seoul_open_data
ST-3166,8,3820.0, 은천삼거리,,8.0,QR,seoul_open_data
ST-3165,8,4131.0, 베네스트 오피스텔 앞,,8.0,QR,seoul_open_data
ST-3164,5,4916.0, 청담역 1번출구,,5.0,QR,seoul_open_data
ST-3163,9,4543.0, 오목교역 6번 출구,,9.0,QR,seoul_open_data
ST-3162,12,5765.0, 삼전동주민센터 건너편,,12.0,QR,seoul_open_data
ST-3161,5,6053.0, 중부세무서 앞,,5.0,QR,seoul_open_data
ST-3160,10,5859.0, 여의도 삼부아파트,,10.0,QR,seoul_open_data
ST-316,20,709.0, 신정3동 현장민원실 앞,20.0,,LCD,seoul_open_data
ST-3159,10,4642.0, 용산더프라임아파트 101동 앞,,10.0,QR,seoul_open_data
ST-3158,20,,,,,,fallback_20
ST-3157,20,,,,,,fallback_20
ST-3156,20,,,,,,fallback_20
ST-3155,5,4128.0, 종암초등학교 뒤(새울센스빌),,5.0,QR,seoul_open_data
ST-3154,20,,,,,,fallback_20
ST-3153,20,,,,,,fallback_20
ST-3152,20,,,,,,fallback_20
ST-3151,8,5764.0, 한국체육대학교,,8.0,QR,seoul_open_data
ST-3150,20,,,,,,fallback_20
ST-315,16,708.0, 서울출입국관리사무소 앞,16.0,,LCD,seoul_open_data
ST-3149,20,,,,,,fallback_20
ST-3148,8,5760.0, 풍납사거리 성내유수지,,8.0,QR,seoul_open_data
ST-3147,5,4951.0, 강동농협 버스정류소 앞(광채빌라),,5.0,QR,seoul_open_data
ST-3146,5,4542.0, 월정초 사거리,,5.0,QR,seoul_open_data
ST-3145,8,5091.0, 보타닉파크타워2,,8.0,QR,seoul_open_data
ST-3144,5,4333.0, 서울고등학교 건너편,,5.0,QR,seoul_open_data
ST-3143,13,3819.0, 서울대벤처타운역,,13.0,QR,seoul_open_data
ST-3142,10,5858.0, 영등포역5번출구,,10.0,QR,seoul_open_data
ST-3141,6,5759.0, 풍납근린공원,,6.0,QR,seoul_open_data
ST-3140,10,4274.0, 신촌 파랑고래 입구,,10.0,QR,seoul_open_data
ST-314,20,,,,,,fallback_20
ST-3139,5,4270.0, 우국한마음 아파트 맞은편,,5.0,QR,seoul_open_data
ST-3138,10,4641.0, 아메리칸센터,,10.0,QR,seoul_open_data
ST-3137,10,5090.0, 대상연구소,,10.0,QR,seoul_open_data
ST-3136,20,,,,,,fallback_20
ST-3135,8,4640.0, 원효로2가 교차로,,8.0,QR,seoul_open_data
ST-3134,20,,,,,,fallback_20
ST-3133,10,5758.0, 올림픽선수기자촌아파트 123동 근처,,10.0,QR,seoul_open_data
ST-3132,20,,,,,,fallback_20
ST-3131,10,5756.0, 극동아파트,,10.0,QR,seoul_open_data
ST-3130,5,5503.0, 마포아트센터 앞,,5.0,QR,seoul_open_data
ST-313,15,706.0, 신정네거리역,,15.0,QR,seoul_open_data
ST-3129,8,5087.0, 연세강서빌딩,,8.0,QR,seoul_open_data
ST-3128,40,5089.0, LG사이언스파크 E10동,,40.0,QR,seoul_open_data
ST-3127,10,4687.0, 역촌센트레빌아파트 101동 앞,,10.0,QR,seoul_open_data
ST-3126,7,4686.0, 우물골 근린공원,,7.0,QR,seoul_open_data
ST-3125,16,5088.0, 등촌역 센터스퀘어,,16.0,QR,seoul_open_data
ST-3124,10,3925.0, 중앙유통단지 앞 B,,10.0,QR,seoul_open_data
ST-3123,20,,,,,,fallback_20
ST-3122,6,5314.0, 월계1동주민센터 앞,,6.0,QR,seoul_open_data
ST-3121,8,4387.0, 성수역 1번출구 주변,,8.0,QR,seoul_open_data
ST-3120,5,4386.0, 현대자동차 동부서비스센터 주변,,5.0,QR,seoul_open_data
ST-312,14,704.0, 남부법원검찰청 교차로,14.0,,LCD,seoul_open_data
ST-3119,20,,,,,,fallback_20
ST-3118,8,5086.0, 가양테크노타운,,8.0,QR,seoul_open_data
ST-3117,6,4181.0, 보라매공원역 2번출구,,6.0,QR,seoul_open_data
ST-3116,20,,,,,,fallback_20
ST-3115,6,4915.0, 영동중앙교회 버스정류장,,6.0,QR,seoul_open_data
ST-3114,7,4273.0, 홍연2교 사거리,,7.0,QR,seoul_open_data
ST-3113,7,4272.0, 홍남교 사거리,,7.0,QR,seoul_open_data
ST-3112,6,4914.0, 도심공항타워 앞,,6.0,QR,seoul_open_data
ST-3111,7,4913.0, 레베쌍트 빌딩 앞,,7.0,QR,seoul_open_data
ST-3110,20,,,,,,fallback_20
ST-311,12,703.0, 오목교역 7번출구 앞,,12.0,QR,seoul_open_data
ST-3109,20,,,,,,fallback_20
ST-3108,6,4909.0, 노보텔 앰배서더 앞,,6.0,QR,seoul_open_data
ST-3107,7,4271.0, 충정로역 1번 출구,,7.0,QR,seoul_open_data
ST-3106,4,4180.0, 흑석동주민센터 입구,,4.0,QR,seoul_open_data
ST-3105,10,4179.0, 보라매병원역 1번출구,,10.0,QR,seoul_open_data
ST-3104,10,4540.0, 목동역 3번 출구,,10.0,QR,seoul_open_data
ST-3103,10,3924.0, 오류동 계림웨스트밸리 앞,,10.0,QR,seoul_open_data
ST-3102,15,5857.0, U레지던스 앞,,15.0,QR,seoul_open_data
ST-3101,5,5309.0, 월계 롯데캐슬아파트 뒤,,5.0,QR,seoul_open_data
ST-3100,10,5084.0, 강서우체국,,10.0,QR,seoul_open_data
ST-310,19,702.0, 목4동주민센터 옆,19.0,,LCD,seoul_open_data
ST-31,10,129.0, 신촌역(2호선) 6번출구 옆,,10.0,QR,seoul_open_data
ST-3099,5,4385.0, 용답동 우체국 주변,,5.0,QR,seoul_open_data
ST-3098,8,3700.0, 강변그대가리버뷰 입구 맞은편,,8.0,QR,seoul_open_data
ST-3097,20,,,,,,fallback_20
ST-3096,5,4908.0, SB타워 앞,,5.0,QR,seoul_open_data
ST-3095,25,4685.0, DMC역 5번 출구(수색역 방향),,25.0,QR,seoul_open_data
ST-3094,9,5082.0, 가양역 7번출구,,9.0,QR,seoul_open_data
ST-3093,20,,,,,,fallback_20
ST-3092,10,4087.0, 우이교 교차로,,10.0,QR,seoul_open_data
ST-3091,10,4086.0, 도봉로 534,,10.0,QR,seoul_open_data
ST-3090,15,4719.0, 종로문화원 건너편,,15.0,QR,seoul_open_data
ST-309,8,701.0, 목동사거리 부근,8.0,,LCD,seoul_open_data
ST-3089,9,4541.0, 갈산문화예술센터,,9.0,QR,seoul_open_data
ST-3088,10,3923.0, 구로공구상가 앞,,10.0,QR,seoul_open_data
ST-3087,20,,,,,,fallback_20
ST-3086,5,4332.0, 이수교차로,,5.0,QR,seoul_open_data
ST-3085,6,3698.0, 명일역 3번출구 옆,,6.0,QR,seoul_open_data
ST-3084,10,5080.0, 가양역 1번출구,,10.0,QR,seoul_open_data
ST-3083,10,4639.0, 동빙고근린공원,,10.0,QR,seoul_open_data
ST-3082,10,4638.0, 청파동삼거리 앞,,10.0,QR,seoul_open_data
ST-3081,10,4637.0, 용산시티파크 101동 앞,,10.0,QR,seoul_open_data
ST-3080,8,4636.0, 용산구꿈나무종합타운 앞,,8.0,QR,seoul_open_data
ST-308,20,700.0, KB국민은행 염창역 지점 앞,20.0,,LCD,seoul_open_data
ST-3079,10,4905.0, 강남경찰서,,10.0,QR,seoul_open_data
ST-3078,5,4907.0, 극동스포츠 앞,,5.0,QR,seoul_open_data
ST-3077,10,4906.0, 섬유센터 앞,,10.0,QR,seoul_open_data
ST-3076,10,4684.0, 응암2동주민센터 버스정류장(영락중학교 방면),,10.0,QR,seoul_open_data
ST-3075,10,4718.0, 광화문역 6번출구 옆 A,,10.0,QR,seoul_open_data
ST-3074,20,,,,,,fallback_20
ST-3073,20,,,,,,fallback_20
ST-3072,20,,,,,,fallback_20
ST-3071,9,5753.0, 호반써밋,,9.0,QR,seoul_open_data
ST-3070,6,5752.0, 풍납백제문화공원 옆 인근,,6.0,QR,seoul_open_data
ST-307,17,259.0, 대방역6번출구,,17.0,QR,seoul_open_data
ST-3069,10,5751.0, 송파여성축구장,,10.0,QR,seoul_open_data
ST-3068,10,5078.0, 왈도강서캠퍼스 앞,,10.0,QR,seoul_open_data
ST-3067,16,3922.0, 서울남부교정시설 앞,,16.0,QR,seoul_open_data
ST-3066,6,4903.0, 신사스퀘어,,6.0,QR,seoul_open_data
ST-3065,10,4178.0, 이수성결교회 옆,,10.0,QR,seoul_open_data
ST-3064,8,4177.0, 롯데캐슬 101동 앞,,8.0,QR,seoul_open_data
ST-3063,20,,,,,,fallback_20
ST-3062,8,4269.0, 연희IC 남측,,8.0,QR,seoul_open_data
ST-3061,10,5853.0, 여의도역2번출구 앞,,10.0,QR,seoul_open_data
ST-3060,20,,,,,,fallback_20
ST-306,14,258.0, 신길역3번출구,,14.0,QR,seoul_open_data
ST-3059,8,4539.0, 목동7단지아파트 A상가,,8.0,QR,seoul_open_data
ST-3058,10,4683.0, 은평 성모병원 사거리,,10.0,QR,seoul_open_data
ST-3057,20,,,,,,fallback_20
ST-3056,5,4634.0, 이태원역 3번 출구,,5.0,QR,seoul_open_data
ST-3055,10,3920.0, 개봉역2번출구 B,,10.0,QR,seoul_open_data
ST-3054,12,4621.0, 남산도서관 앞,,12.0,QR,seoul_open_data
ST-3053,5,4801.0, 충정로역 2호선(엘리베이터 앞),,5.0,QR,seoul_open_data
ST-3052,5,4800.0, 필동 삼거리,,5.0,QR,seoul_open_data
ST-3051,6,4267.0, 서대문역 2번 출구,,6.0,QR,seoul_open_data
ST-3050,20,,,,,,fallback_20
ST-305,20,,,,,,fallback_20
ST-3049,5,3651.0, 개포동역 4번출구,,5.0,QR,seoul_open_data
ST-3048,10,4538.0, 양천공영차고지,,10.0,QR,seoul_open_data
ST-3047,6,4537.0, 서울남부지방검찰청 후문,,6.0,QR,seoul_open_data
ST-3046,8,4418.0, 종암동 동덕여대 제2생활관 앞,,8.0,QR,seoul_open_data
ST-3045,10,4417.0, 성북청소년문화의집,,10.0,QR,seoul_open_data
ST-3044,4,4383.0, 푸조비즈타워 앞,,4.0,QR,seoul_open_data
ST-3043,7,4382.0, 페코텍글로벌허브빌딩 앞,,7.0,QR,seoul_open_data
ST-3042,8,4381.0, 더스페이스타워 앞,,8.0,QR,seoul_open_data
ST-3041,7,5852.0, 대림동현대2차 201동 앞,,7.0,QR,seoul_open_data
ST-3040,15,5851.0, 도림천 건널목 위,,15.0,QR,seoul_open_data
ST-304,10,256.0, 동아에코빌입구,10.0,,LCD,seoul_open_data
ST-3039,20,,,,,,fallback_20
ST-3038,6,4419.0, 성북구 한예종 캠퍼스 본관,,6.0,QR,seoul_open_data
ST-3037,10,3917.0, 성공회대학교,,10.0,QR,seoul_open_data
ST-3036,20,,,,,,fallback_20
ST-3035,20,,,,,,fallback_20
ST-3034,20,,,,,,fallback_20
ST-3033,5,4264.0, 홍남교 버스정류장,,5.0,QR,seoul_open_data
ST-3032,5,3980.0, 금천현대홈타운 후문 서부샛길,,5.0,QR,seoul_open_data
ST-3031,16,5076.0, 메이필드호텔앞,,16.0,QR,seoul_open_data
ST-3030,10,4601.0,양평역2번출구 뒤,,10.0,QR,seoul_open_data
ST-303,15,255.0, 도림사거리,15.0,,LCD,seoul_open_data
ST-3029,10,3975.0,현대시티아울렛 가산,,10.0,QR,seoul_open_data
ST-3028,6,4681.0,박석고개(은평소방서) 앞,,6.0,QR,seoul_open_data
ST-3027,9,4266.0,국민연금공단충정로사옥,,9.0,QR,seoul_open_data
ST-3026,8,4083.0,도봉아이나라도서관 앞,,8.0,QR,seoul_open_data
ST-3025,7,4838.0,동원사거리 행복오피스텔 앞,,7.0,QR,seoul_open_data
ST-3024,20,,,,,,fallback_20
ST-3023,20,,,,,,fallback_20
ST-3022,20,,,,,,fallback_20
ST-3021,10,4248.0, 신촌 교보빌딩,,10.0,QR,seoul_open_data
ST-3020,10,4247.0, 서울서부지방법원등기국앞,,10.0,QR,seoul_open_data
ST-302,10,254.0, 도림신협 앞,10.0,,LCD,seoul_open_data
ST-3019,5,4246.0, 상수역새마을금고,,5.0,QR,seoul_open_data
ST-3018,20,,,,,,fallback_20
ST-3017,10,4244.0, 당인리발전소 공원 앞,,10.0,QR,seoul_open_data
ST-3016,20,,,,,,fallback_20
ST-3015,4,5301.0, 상계주공1단지 버스정류장 옆(대원빌딩 앞),,4.0,QR,seoul_open_data
ST-3014,20,,,,,,fallback_20
ST-3013,14,3919.0, 구로역·NC신구로점 버스정류장(구로역 방면),,14.0,QR,seoul_open_data
ST-3012,5,3886.0,광진구 민방위교육센터,,5.0,QR,seoul_open_data
ST-3011,10,4600.0, 영등포구 총괄 우체국,,10.0,QR,seoul_open_data
ST-3010,20,,,,,,fallback_20
ST-301,20,,,,,,fallback_20
ST-3009,11,4327.0, 몽마르뜨공원입구,,11.0,QR,seoul_open_data
ST-3008,5,4222.0, 서울디자인고등학교 앞,,5.0,QR,seoul_open_data
ST-3007,20,,,,,,fallback_20
ST-3006,7,4835.0, 망우동 본죽 앞,,7.0,QR,seoul_open_data
ST-3005,20,,,,,,fallback_20
ST-3004,20,,,,,,fallback_20
ST-3003,8,4377.0, 우영테크노센터 앞,,8.0,QR,seoul_open_data
ST-3002,11,4373.0, 서울숲 지식산업센터,,11.0,QR,seoul_open_data
ST-3001,20,,,,,,fallback_20
ST-3000,20,,,,,,fallback_20
ST-300,10,252.0, 보라매역4번출구,,10.0,QR,seoul_open_data
ST-30,20,128.0, 신촌역(2호선) 1번출구 옆,,20.0,QR,seoul_open_data
ST-3,20,,,,,,fallback_20
ST-2999,5,3984.0, 가산롯데아이티캐슬,,5.0,QR,seoul_open_data
ST-2998,20,,,,,,fallback_20
ST-2997,10,3918.0, 이좋은집오피스텔 앞,,10.0,QR,seoul_open_data
ST-2996,10,3818.0, 은천교회 앞,,10.0,QR,seoul_open_data
ST-2995,8,3816.0, 관악 GSfresh,,8.0,QR,seoul_open_data
ST-2994,10,5075.0, 등촌역 1번출구,,10.0,QR,seoul_open_data
ST-2993,10,5074.0," 마곡엠밸리14단지 버스정류장(마곡엠밸리11,12단지상가방면)",,10.0,QR,seoul_open_data
ST-2992,6,5073.0, 우장산역 헤링턴타워 앞,,6.0,QR,seoul_open_data
ST-2991,15,4897.0, 잠실주공5단지1,,15.0,QR,seoul_open_data
ST-2990,20,,,,,,fallback_20
ST-299,10,251.0, 서울지방병무청 버스정류장,,10.0,QR,seoul_open_data
ST-2989,20,,,,,,fallback_20
ST-2988,6,4895.0, 위례포레샤인15단지 상가,,6.0,QR,seoul_open_data
ST-2987,6,4887.0, 호돌이상가,,6.0,QR,seoul_open_data
ST-2986,6,4886.0, 배명고등학교 건너편,,6.0,QR,seoul_open_data
ST-2985,8,4885.0, 가든파이브 리빙관,,8.0,QR,seoul_open_data
ST-2984,16,4884.0, H비즈니스파크,,16.0,QR,seoul_open_data
ST-2983,8,4240.0, 아현문화건강센터,,8.0,QR,seoul_open_data
ST-2982,20,,,,,,fallback_20
ST-2981,7,4238.0, 상암한샘빌딩앞,,7.0,QR,seoul_open_data
ST-2980,10,4234.0, 에스테반,,10.0,QR,seoul_open_data
ST-298,10,250.0, 대림아파트 사거리,10.0,,LCD,seoul_open_data
ST-2979,10,4233.0, 코오롱아파트사거리,,10.0,QR,seoul_open_data
ST-2978,14,4226.0, 마포프레스티지자이 1,,14.0,QR,seoul_open_data
ST-2977,5,4224.0, 서부운전면허시험장,,5.0,QR,seoul_open_data
ST-2976,13,4221.0, 솔리스타오피스텔(공덕동주민센터),,13.0,QR,seoul_open_data
ST-2975,10,4220.0, 신촌 청년주택,,10.0,QR,seoul_open_data
ST-2974,13,4218.0, 디지털매직스페이스,,13.0,QR,seoul_open_data
ST-2973,20,,,,,,fallback_20
ST-2972,6,4893.0, 문정법조단지12,,6.0,QR,seoul_open_data
ST-2971,20,,,,,,fallback_20
ST-2970,7,4415.0, 미아초교버스승강장,,7.0,QR,seoul_open_data
ST-297,16,249.0, 여의도중학교 옆,,16.0,QR,seoul_open_data
ST-2969,8,4834.0, 용마복지센터 앞,,8.0,QR,seoul_open_data
ST-2968,20,,,,,,fallback_20
ST-2967,4,4080.0, 창동주공19단지앞,,4.0,QR,seoul_open_data
ST-2966,20,,,,,,fallback_20
ST-2965,15,5070.0, 마곡13단지힐스테이트마스터 후문(1320동 앞),,15.0,QR,seoul_open_data
ST-2964,20,3985.0, 디폴리스 지식산업센터,,20.0,QR,seoul_open_data
ST-2963,20,,,,,,fallback_20
ST-2962,8,4329.0, SC제일은행 양재동지점 앞,,8.0,QR,seoul_open_data
ST-2961,23,4536.0, 양천해누리체육공원,,23.0,QR,seoul_open_data
ST-2960,10,4535.0, 목동12단지 아파트,,10.0,QR,seoul_open_data
ST-296,10,248.0, 초원아파트 앞,10.0,,LCD,seoul_open_data
ST-2959,15,4599.0, 대림우성아파트 사거리,,15.0,QR,seoul_open_data
ST-2958,9,4598.0, 오목교 동측 지하보도,,9.0,QR,seoul_open_data
ST-2957,9,4880.0, 송파청소년센터,,9.0,QR,seoul_open_data
ST-2956,10,4678.0, 백련산로 녹번센트레빌,,10.0,QR,seoul_open_data
ST-2955,20,,,,,,fallback_20
ST-2954,20,,,,,,fallback_20
ST-2953,20,,,,,,fallback_20
ST-2952,5,4828.0, 신내동 한살림 중랑지구 앞,,5.0,QR,seoul_open_data
ST-2951,20,,,,,,fallback_20
ST-2950,20,,,,,,fallback_20
ST-295,14,247.0, 당산역 10번출구 앞,,14.0,QR,seoul_open_data
ST-2949,10,3915.0, 동선아파트 앞,,10.0,QR,seoul_open_data
ST-2948,7,3815.0, 광일빌딩,,7.0,QR,seoul_open_data
ST-2947,10,5072.0, 김포공항입구 교통섬,,10.0,QR,seoul_open_data
ST-2946,8,5067.0, 주원 리젠트 앞,,8.0,QR,seoul_open_data
ST-2945,25,5066.0, 아망떼마곡전시장,,25.0,QR,seoul_open_data
ST-2944,10,5065.0, 허준박물관삼거리,,10.0,QR,seoul_open_data
ST-2943,15,5064.0, 양천향교역8번출구,,15.0,QR,seoul_open_data
ST-2942,20,4827.0, 신내SK V1센터 앞,,20.0,QR,seoul_open_data
ST-2941,14,4889.0, 마천역 1번 출구 인근②,,14.0,QR,seoul_open_data
ST-2940,20,,,,,,fallback_20
ST-294,14,245.0, 삼성생명 당산사옥 앞,14.0,,LCD,seoul_open_data
ST-2939,20,,,,,,fallback_20
ST-2938,20,,,,,,fallback_20
ST-2937,20,,,,,,fallback_20
ST-2936,20,,,,,,fallback_20
ST-2935,8,4414.0, 안암역 3번 출구,,8.0,QR,seoul_open_data
ST-2934,5,4324.0, 세화고등학교,,5.0,QR,seoul_open_data
ST-2933,20,,,,,,fallback_20
ST-2932,10,3983.0, 금천구청역 1번 출구,,10.0,QR,seoul_open_data
ST-2931,20,,,,,,fallback_20
ST-2930,20,,,,,,fallback_20
ST-293,20,244.0, 영등포삼환아파트 앞,20.0,,LCD,seoul_open_data
ST-2929,10,3692.0, 둔촌오륜역 1번 출구,,10.0,QR,seoul_open_data
ST-2928,20,,,,,,fallback_20
ST-2927,20,,,,,,fallback_20
ST-2926,20,,,,,,fallback_20
ST-2925,20,,,,,,fallback_20
ST-2924,16,4633.0, 센트럴파크타워 앞,,16.0,QR,seoul_open_data
ST-2923,15,4715.0, 돈의문 박물관 마을,,15.0,QR,seoul_open_data
ST-2922,7,4824.0, 상봉신협 앞,,7.0,QR,seoul_open_data
ST-2921,8,4823.0, 방정환교육지원센터 옆,,8.0,QR,seoul_open_data
ST-2920,15,4594.0, 양평교 영등포대여소,,15.0,QR,seoul_open_data
ST-292,15,243.0, 이앤씨드림타워 앞,15.0,,LCD,seoul_open_data
ST-2919,20,,,,,,fallback_20
ST-2918,20,,,,,,fallback_20
ST-2917,20,,,,,,fallback_20
ST-2916,10,4874.0, 탄천1교 하부보도,,10.0,QR,seoul_open_data
ST-2915,20,,,,,,fallback_20
ST-2914,10,4042.0, 상계문화정보도서관,,10.0,QR,seoul_open_data
ST-2913,20,,,,,,fallback_20
ST-2912,6,3972.0, 산기슭공원 앞,,6.0,QR,seoul_open_data
ST-2911,20,,,,,,fallback_20
ST-2910,6,3970.0, 시흥4동주민센터 앞,,6.0,QR,seoul_open_data
ST-291,15,242.0, 신길선원가와인아파트 앞,15.0,,LCD,seoul_open_data
ST-2909,20,,,,,,fallback_20
ST-2908,20,3689.0, 강일역 3번출구,,20.0,QR,seoul_open_data
ST-2907,13,3642.0, LH강남힐스테이트아파트,,13.0,QR,seoul_open_data
ST-2906,20,,,,,,fallback_20
ST-2905,20,4217.0, 한강공원 망원나들목,,20.0,QR,seoul_open_data
ST-2904,8,4826.0, 홈플러스 면목점,,8.0,QR,seoul_open_data
ST-2903,10,4798.0, 황학동롯데캐슬,,10.0,QR,seoul_open_data
ST-2902,14,4592.0, 신길우성4차아파트,,14.0,QR,seoul_open_data
ST-2901,20,4591.0, 신길자이아파트,,20.0,QR,seoul_open_data
ST-2900,20,,,,,,fallback_20
ST-290,10,241.0, 신길우성1차아파트 앞 공원,,10.0,QR,seoul_open_data
ST-29,9,127.0, 현대벤처빌 앞,,9.0,QR,seoul_open_data
ST-2899,18,4589.0, KRX한국거래소(1),,18.0,QR,seoul_open_data
ST-2898,5,4411.0, 동산어린이공원 앞,,5.0,QR,seoul_open_data
ST-2897,21,4255.0, 래미안 루센티아 아파트 108동 앞,,21.0,QR,seoul_open_data
ST-2896,8,4041.0, 공릉역3번출구,,8.0,QR,seoul_open_data
ST-2895,20,3969.0, 독산역 롯데캐슬 104동 앞,,20.0,QR,seoul_open_data
ST-2894,10,3968.0, 독산동 현대홈타운 금천과선교 앞,,10.0,QR,seoul_open_data
ST-2893,16,3967.0, 혜명양로원 담장 옆(2),,16.0,QR,seoul_open_data
ST-2892,10,3914.0, 신도림쌍용플래티넘노블아파트 앞,,10.0,QR,seoul_open_data
ST-2891,3,3882.0, 자양2동 주민센터,,3.0,QR,seoul_open_data
ST-2890,20,,,,,,fallback_20
ST-289,10,240.0, 문래역 4번출구 앞,10.0,,LCD,seoul_open_data
ST-2889,20,,,,,,fallback_20
ST-2888,10,5061.0, 우장산동 가곡어린이공원앞,,10.0,QR,seoul_open_data
ST-2887,7,5059.0, 화곡2동주민센터,,7.0,QR,seoul_open_data
ST-2886,14,5057.0, 마곡역4번출구,,14.0,QR,seoul_open_data
ST-2885,20,,,,,,fallback_20
ST-2884,7,5055.0, 마곡역5번출구앞,,7.0,QR,seoul_open_data
ST-2883,25,5053.0, 신마곡벽산블루밍메트로오피스텔앞,,25.0,QR,seoul_open_data
ST-2882,7,3646.0, 선정릉역 4번 출구,,7.0,QR,seoul_open_data
ST-2881,20,,,,,,fallback_20
ST-2880,6,4632.0, 용산 푸르지오 파크타운 1단지 앞,,6.0,QR,seoul_open_data
ST-288,20,239.0, 유스호스텔 앞,20.0,,LCD,seoul_open_data
ST-2879,10,4532.0, 목동현대아파트 후문 앞,,10.0,QR,seoul_open_data
ST-2878,7,4872.0, 개롱역 3번 출구 뒤,,7.0,QR,seoul_open_data
ST-2877,7,4871.0, 오금동 대림아파트 정문,,7.0,QR,seoul_open_data
ST-2876,10,4870.0, 몽촌토성역 3번 출구,,10.0,QR,seoul_open_data
ST-2875,10,4323.0, 내곡도서관,,10.0,QR,seoul_open_data
ST-2874,10,4216.0, 망원정 앞,,10.0,QR,seoul_open_data
ST-2873,10,3814.0, 난곡사거리,,10.0,QR,seoul_open_data
ST-2872,7,3813.0, 낙성대역 5번출구,,7.0,QR,seoul_open_data
ST-2871,25,5052.0, 마곡역 7번출구,,25.0,QR,seoul_open_data
ST-2870,6,4902.0, 구역삼세무서 교차로,,6.0,QR,seoul_open_data
ST-287,10,238.0, 제2구민체육센타 앞,10.0,,LCD,seoul_open_data
ST-2869,20,,,,,,fallback_20
ST-2868,20,,,,,,fallback_20
ST-2867,10,3641.0, 대청역,,10.0,QR,seoul_open_data
ST-2866,10,4603.0, 한강GS에클라트 건너편 교통섬,,10.0,QR,seoul_open_data
ST-2865,7,3881.0, 신자초교입구 교차로,,7.0,QR,seoul_open_data
ST-2863,20,,,,,,fallback_20
ST-2862,20,,,,,,fallback_20
ST-2861,10,4040.0, 공릉로 26길,,10.0,QR,seoul_open_data
ST-2860,8,4820.0, 망우역 2번 출구,,8.0,QR,seoul_open_data
ST-286,20,237.0, 보라매 두산위브 건너편,,20.0,QR,seoul_open_data
ST-2859,10,4039.0, 서울시 북부여성발전센터,,10.0,QR,seoul_open_data
ST-2858,10,3758.0, 서울남부출입국관리소,,10.0,QR,seoul_open_data
ST-2857,10,3757.0, 신방화역 6번출구,,10.0,QR,seoul_open_data
ST-2856,4,4363.0, 신금호역 2번출구 앞,,4.0,QR,seoul_open_data
ST-2855,10,3912.0, 삼호아파트 앞,,10.0,QR,seoul_open_data
ST-2854,20,,,,,,fallback_20
ST-2853,20,,,,,,fallback_20
ST-2852,10,4588.0,양남사거리2,,10.0,QR,seoul_open_data
ST-2851,10,3811.0,신사로입구,,10.0,QR,seoul_open_data
ST-2850,20,,,,,,fallback_20
ST-285,10,236.0, 문래동자이아파트 앞,10.0,,LCD,seoul_open_data
ST-2849,8,4078.0, 원당공원 앞,,8.0,QR,seoul_open_data
ST-2848,20,,,,,,fallback_20
ST-2847,7,3640.0, 일원1동주민센터앞 사거리,,7.0,QR,seoul_open_data
ST-2846,10,4819.0, 면목동 새싹어린이공원 앞,,10.0,QR,seoul_open_data
ST-2845,13,4797.0, KG타워 앞,,13.0,QR,seoul_open_data
ST-2844,10,4531.0, 목동아파트 613동 앞,,10.0,QR,seoul_open_data
ST-2843,7,3879.0, 중랑천 뚝방길 산책로 입구,,7.0,QR,seoul_open_data
ST-2842,10,3812.0, KT관악지점,,10.0,QR,seoul_open_data
ST-2841,20,,,,,,fallback_20
ST-2840,20,,,,,,fallback_20
ST-284,10,235.0, 신길동 우리은행 옆,10.0,,LCD,seoul_open_data
ST-2839,5,3638.0, 신청담나들목,,5.0,QR,seoul_open_data
ST-2838,20,,,,,,fallback_20
ST-2837,5,3636.0, 삼성중앙역·플래티넘아파트 정류소,,5.0,QR,seoul_open_data
ST-2836,20,,,,,,fallback_20
ST-2835,15,4037.0, 물넘이교,,15.0,QR,seoul_open_data
ST-2834,9,4370.0,성동교 사거리,,9.0,QR,seoul_open_data
ST-2833,10,4868.0, 석촌호수 서호 남단,,10.0,QR,seoul_open_data
ST-2832,20,3785.0, 마곡14단지 1408동앞,,20.0,QR,seoul_open_data
ST-2831,10,3762.0, 마곡9단지 907동앞,,10.0,QR,seoul_open_data
ST-2830,20,,,,,,fallback_20
ST-283,20,,,,,,fallback_20
ST-2829,10,3911.0, 항동하버리안2단지아파트 후문,,10.0,QR,seoul_open_data
ST-2828,10,3910.0, 목양전원교회 앞 로터리,,10.0,QR,seoul_open_data
ST-2827,7,4173.0, 중대후문 마을버스정류장,,7.0,QR,seoul_open_data
ST-2826,20,,,,,,fallback_20
ST-2825,10,4677.0, 백련산 SK뷰 아이파크 해모로 아파트 앞,,10.0,QR,seoul_open_data
ST-2824,9,4676.0, 갈현1동 주민센터,,9.0,QR,seoul_open_data
ST-2823,10,4575.0, 대림동 e편한세상영등포아델포레,,10.0,QR,seoul_open_data
ST-2822,9,4574.0, 영등포시장역 포레나영등포,,9.0,QR,seoul_open_data
ST-2821,10,4573.0, 두산위브아파트,,10.0,QR,seoul_open_data
ST-2820,10,4571.0, 문래동롯데캐슬아파트,,10.0,QR,seoul_open_data
ST-282,10,233.0, 양평1동 YP센터 앞,10.0,,LCD,seoul_open_data
ST-2819,10,4569.0, 힐스테이트클래시안아파트,,10.0,QR,seoul_open_data
ST-2818,20,,,,,,fallback_20
ST-2817,10,4567.0, 한림대학교 강남성심병원 신관,,10.0,QR,seoul_open_data
ST-2816,15,4566.0, 대림성원상떼빌아파트,,15.0,QR,seoul_open_data
ST-2815,10,4565.0, 영등포 신세계백화점,,10.0,QR,seoul_open_data
ST-2814,10,4564.0, 63스퀘어,,10.0,QR,seoul_open_data
ST-2813,10,4563.0, 여의도 은하아파트,,10.0,QR,seoul_open_data
ST-2812,10,4561.0, 양평역 1번출구,,10.0,QR,seoul_open_data
ST-2811,10,4560.0, 양평동성원아파트,,10.0,QR,seoul_open_data
ST-2810,10,4559.0, 신길역 2번출구,,10.0,QR,seoul_open_data
ST-281,20,232.0, 양평우림 이비즈센타 앞,20.0,,LCD,seoul_open_data
ST-2809,10,4558.0, 대영중고 후문,,10.0,QR,seoul_open_data
ST-2808,10,4555.0, 대림우성2차아파트,,10.0,QR,seoul_open_data
ST-2807,10,4553.0, 당산삼성2차아파트,,10.0,QR,seoul_open_data
ST-2806,10,4552.0, 코레일유통본사,,10.0,QR,seoul_open_data
ST-2805,8,4777.0, 약수동 주민센터,,8.0,QR,seoul_open_data
ST-2804,20,,,,,,fallback_20
ST-2803,10,4175.0, 대방역2번출구,,10.0,QR,seoul_open_data
ST-2802,20,,,,,,fallback_20
ST-2801,10,4578.0,보라매sk뷰,,10.0,QR,seoul_open_data
ST-2800,15,4576.0,보라매sk뷰 108동 앞,,15.0,QR,seoul_open_data
ST-280,10,231.0, 남부고용노동지청 남측,10.0,,LCD,seoul_open_data
ST-28,20,126.0, 서강대 후문 옆,,20.0,QR,seoul_open_data
ST-2799,6,4077.0, 도봉제1교,,6.0,QR,seoul_open_data
ST-2798,10,4867.0, 가락대림아파트 앞,,10.0,QR,seoul_open_data
ST-2797,5,4865.0, 한성백제역 1번출구 뒤,,5.0,QR,seoul_open_data
ST-2796,10,4864.0, 송파사거리,,10.0,QR,seoul_open_data
ST-2795,20,,,,,,fallback_20
ST-2794,10,4530.0, 방아다리어린이공원,,10.0,QR,seoul_open_data
ST-2793,20,,,,,,fallback_20
ST-2792,9,4036.0, 하계역 6번출구,,9.0,QR,seoul_open_data
ST-2791,10,4027.0, 한내 행복발전소 옆,,10.0,QR,seoul_open_data
ST-2790,10,3801.0, 이랜드글로벌R&D센터,,10.0,QR,seoul_open_data
ST-279,25,229.0, 양평1 보행육교 앞,25.0,,LCD,seoul_open_data
ST-2789,10,3774.0, 마곡9단지 910동 상가앞,,10.0,QR,seoul_open_data
ST-2788,5,3634.0, 국악고교 앞 교차로,,5.0,QR,seoul_open_data
ST-2787,5,4367.0, kt 행당빌딩 앞,,5.0,QR,seoul_open_data
ST-2786,8,4794.0, 서울역 서부교차로(3),,8.0,QR,seoul_open_data
ST-2785,10,4674.0, 녹번역e편한세상 캐슬 정문 앞,,10.0,QR,seoul_open_data
ST-2784,20,,,,,,fallback_20
ST-2783,10,4672.0, 준빌딩 앞,,10.0,QR,seoul_open_data
ST-2782,10,4671.0, 청구성심병원 앞,,10.0,QR,seoul_open_data
ST-2781,10,4668.0, 기자촌사거리 B,,10.0,QR,seoul_open_data
ST-2780,10,4667.0, 폭포동입구 교차로,,10.0,QR,seoul_open_data
ST-278,10,228.0, 선유도역 3번출구 앞,,10.0,QR,seoul_open_data
ST-2779,10,4665.0, 응암역3번 출구(서부경찰서 방면),,10.0,QR,seoul_open_data
ST-2778,10,4663.0," 불광역3,6호선 버스정류장(동명여고 방면)",,10.0,QR,seoul_open_data
ST-2777,10,4659.0, 신진과학기술고등학교 버스정류장(응암시장 방면),,10.0,QR,seoul_open_data
ST-2776,10,4658.0, 녹번역1번출구앞,,10.0,QR,seoul_open_data
ST-2775,17,4657.0, 본 서부병원 교차로 사거리,,17.0,QR,seoul_open_data
ST-2774,15,4527.0, 목동신시가지아파트6단지,,15.0,QR,seoul_open_data
ST-2773,10,4526.0, 목동아파트2단지 222동 앞,,10.0,QR,seoul_open_data
ST-2772,20,,,,,,fallback_20
ST-2771,10,4522.0, 신곡시장,,10.0,QR,seoul_open_data
ST-2770,10,4520.0, 대성유니드아파트,,10.0,QR,seoul_open_data
ST-277,20,227.0, 양평2나들목 보행통로 입구,,20.0,QR,seoul_open_data
ST-2769,8,4519.0, 양원보도육교,,8.0,QR,seoul_open_data
ST-2768,10,4518.0, 청기와빌딩,,10.0,QR,seoul_open_data
ST-2767,10,4517.0, 성보하이드로빌딩,,10.0,QR,seoul_open_data
ST-2766,20,,,,,,fallback_20
ST-2765,10,4515.0, 동문굿모닝탑,,10.0,QR,seoul_open_data
ST-2764,20,4514.0, 목동성당 앞,,20.0,QR,seoul_open_data
ST-2763,15,4512.0, 목동13_14단지 사거리,,15.0,QR,seoul_open_data
ST-2762,13,4510.0, 신정네거리역 교차로,,13.0,QR,seoul_open_data
ST-2761,15,4509.0, 서울영상고교 입구,,15.0,QR,seoul_open_data
ST-2760,10,4508.0, 유원목동아파트 103동 앞,,10.0,QR,seoul_open_data
ST-276,20,617.0, 청솔우성아파트 앞,,20.0,QR,seoul_open_data
ST-2759,10,4507.0, 신정제일시장,,10.0,QR,seoul_open_data
ST-2758,20,,,,,,fallback_20
ST-2757,7,4860.0, 가락쌍용2차아파트 103동,,7.0,QR,seoul_open_data
ST-2756,10,4862.0, 성내교 남단,,10.0,QR,seoul_open_data
ST-2755,20,,,,,,fallback_20
ST-2754,10,4016.0, 노원 마들스타디움,,10.0,QR,seoul_open_data
ST-2753,10,3908.0, 오류동 다숲오피스텔 앞,,10.0,QR,seoul_open_data
ST-2752,10,3770.0, 남부순환로 205,,10.0,QR,seoul_open_data
ST-2751,20,,,,,,fallback_20
ST-2750,20,,,,,,fallback_20
ST-275,20,,,,,,fallback_20
ST-2749,10,3681.0, 길동 마루빌딩,,10.0,QR,seoul_open_data
ST-2748,6,3680.0, 강동역3번출구,,6.0,QR,seoul_open_data
ST-2747,20,,,,,,fallback_20
ST-2746,20,,,,,,fallback_20
ST-2745,20,3675.0, 강동리버스트8단지,,20.0,QR,seoul_open_data
ST-2744,10,3674.0, 강동리버스트7단지,,10.0,QR,seoul_open_data
ST-2743,20,,,,,,fallback_20
ST-2742,10,3671.0, 둔촌동역교차로,,10.0,QR,seoul_open_data
ST-2741,20,,,,,,fallback_20
ST-2740,20,,,,,,fallback_20
ST-274,25,615.0, 용두동 래미안허브리츠아파트 앞,,25.0,QR,seoul_open_data
ST-2739,12,3665.0, 고덕센트럴 아이파크상가 앞,,12.0,QR,seoul_open_data
ST-2738,12,3664.0, 맥도날드 서울둔촌DT점 앞,,12.0,QR,seoul_open_data
ST-2737,20,,,,,,fallback_20
ST-2736,20,,,,,,fallback_20
ST-2735,20,,,,,,fallback_20
ST-2734,20,,,,,,fallback_20
ST-2733,20,,,,,,fallback_20
ST-2732,12,3657.0, 서울천호동우체국,,12.0,QR,seoul_open_data
ST-2731,10,4406.0, 장곡초등학교 앞,,10.0,QR,seoul_open_data
ST-2730,20,,,,,,fallback_20
ST-273,23,614.0, 용두동 사거리,,23.0,QR,seoul_open_data
ST-2729,10,4031.0, 청암예술학교 앞,,10.0,QR,seoul_open_data
ST-2728,7,4863.0, 잠실나들목5,,7.0,QR,seoul_open_data
ST-2727,10,4074.0, 도봉구육아종합지원센터(창동),,10.0,QR,seoul_open_data
ST-2726,20,,,,,,fallback_20
ST-2725,10,4064.0, 신창아파트 입구 앞,,10.0,QR,seoul_open_data
ST-2724,20,,,,,,fallback_20
ST-2723,20,,,,,,fallback_20
ST-2722,10,4054.0, 창동한신아파트 버스정류소,,10.0,QR,seoul_open_data
ST-2721,20,,,,,,fallback_20
ST-2720,9,4033.0, 녹천역 4번 출구 옆,,9.0,QR,seoul_open_data
ST-272,8,613.0, 신설동역 10번출구 앞,8.0,,LCD,seoul_open_data
ST-2719,20,,,,,,fallback_20
ST-2718,8,4029.0, 청소년수련관 후문,,8.0,QR,seoul_open_data
ST-2717,20,,,,,,fallback_20
ST-2716,20,,,,,,fallback_20
ST-2715,10,4025.0, 한천교 동편,,10.0,QR,seoul_open_data
ST-2714,10,4024.0, 꿈의숲 SK뷰 아파트,,10.0,QR,seoul_open_data
ST-2713,10,4023.0, 월계역 1번 출구,,10.0,QR,seoul_open_data
ST-2712,20,,,,,,fallback_20
ST-2711,20,,,,,,fallback_20
ST-2710,7,4019.0, 상계주공10단지 버스정류소,,7.0,QR,seoul_open_data
ST-271,20,612.0, 시립동부병원 앞 사거리,,20.0,QR,seoul_open_data
ST-2709,20,,,,,,fallback_20
ST-2708,20,,,,,,fallback_20
ST-2707,20,,,,,,fallback_20
ST-2706,20,4013.0, 중계 롯데마트,,20.0,QR,seoul_open_data
ST-2705,10,4011.0, 월계 센트럴 아이파크,,10.0,QR,seoul_open_data
ST-2704,20,,,,,,fallback_20
ST-2703,10,4008.0, 하계 어린이 공원,,10.0,QR,seoul_open_data
ST-2702,20,,,,,,fallback_20
ST-2701,10,4005.0, 중계2차 한화꿈에그린 101동 인근,,10.0,QR,seoul_open_data
ST-2700,10,4004.0, 당고개입구오거리 당현천변,,10.0,QR,seoul_open_data
ST-270,10,610.0, 동대문중 교차로,,10.0,QR,seoul_open_data
ST-27,20,,,,,,fallback_20
ST-2699,20,,,,,,fallback_20
ST-2698,20,,,,,,fallback_20
ST-2697,20,,,,,,fallback_20
ST-2696,20,,,,,,fallback_20
ST-2695,20,,,,,,fallback_20
ST-2694,6,4585.0, 국회6문,,6.0,QR,seoul_open_data
ST-2693,10,4796.0, 부산은행,,10.0,QR,seoul_open_data
ST-2692,8,4528.0, 양천구청역 1번출구,,8.0,QR,seoul_open_data
ST-2691,20,,,,,,fallback_20
ST-2690,4,3629.0, 청담사거리(신한오피스텔빌딩 앞),,4.0,QR,seoul_open_data
ST-269,30,609.0, 제기2교,30.0,,LCD,seoul_open_data
ST-2689,10,3628.0, 역삼1동 주민센터,,10.0,QR,seoul_open_data
ST-2688,10,3627.0, 압구정나들목,,10.0,QR,seoul_open_data
ST-2687,20,,,,,,fallback_20
ST-2686,10,3624.0, 대모산입구역 7번 출구 앞,,10.0,QR,seoul_open_data
ST-2685,10,3623.0, 일원에코파크 앞(개포로 방면),,10.0,QR,seoul_open_data
ST-2684,7,3622.0, 은마아파트입구 사거리(1),,7.0,QR,seoul_open_data
ST-2683,20,,,,,,fallback_20
ST-2682,10,3620.0, 청담역 11번 출구,,10.0,QR,seoul_open_data
ST-2681,10,3618.0, 서울율현초교 삼거리,,10.0,QR,seoul_open_data
ST-2680,10,3616.0, 역삼중학교 앞(체육관 방향),,10.0,QR,seoul_open_data
ST-268,20,,,,,,fallback_20
ST-2679,10,3615.0, 서울 논현동우체국 앞,,10.0,QR,seoul_open_data
ST-2678,10,3614.0, 은마아파트 입구 사거리,,10.0,QR,seoul_open_data
ST-2677,10,3612.0, 은곡마을,,10.0,QR,seoul_open_data
ST-2676,20,,,,,,fallback_20
ST-2675,20,,,,,,fallback_20
ST-2674,16,3609.0, 언주초등학교 입구,,16.0,QR,seoul_open_data
ST-2673,10,3606.0, 신사동주민센터 옆,,10.0,QR,seoul_open_data
ST-2672,20,,,,,,fallback_20
ST-2671,15,3604.0, 삼성중앙역 5번출구,,15.0,QR,seoul_open_data
ST-2670,20,,,,,,fallback_20
ST-267,15,607.0, 신이문역 2번출구,15.0,,LCD,seoul_open_data
ST-2669,5,4318.0, 방배역 2번 출구,,5.0,QR,seoul_open_data
ST-2668,5,4317.0, 양재근린공원,,5.0,QR,seoul_open_data
ST-2667,25,4316.0, 고속터미널역 3번출구,,25.0,QR,seoul_open_data
ST-2666,10,4315.0, 이투스교육 앞,,10.0,QR,seoul_open_data
ST-2665,20,,,,,,fallback_20
ST-2664,10,4313.0, 반포종합운동장,,10.0,QR,seoul_open_data
ST-2663,10,4312.0, 반포미도2차아파트 옆,,10.0,QR,seoul_open_data
ST-2662,20,,,,,,fallback_20
ST-2661,20,,,,,,fallback_20
ST-2660,20,,,,,,fallback_20
ST-266,15,606.0, 휘경공고앞,15.0,,LCD,seoul_open_data
ST-2659,10,4307.0, 고투몰 gate 15옆,,10.0,QR,seoul_open_data
ST-2658,10,4306.0, 서래공원 앞,,10.0,QR,seoul_open_data
ST-2657,8,4305.0, 서일스포츠센터,,8.0,QR,seoul_open_data
ST-2656,10,4304.0, 서울고앞,,10.0,QR,seoul_open_data
ST-2655,8,4303.0, 매헌역 2번출구앞광역버스 정류장앞(22-297),,8.0,QR,seoul_open_data
ST-2654,10,4169.0, 신대방삼거리,,10.0,QR,seoul_open_data
ST-2653,25,4167.0, 구로교 아래,,25.0,QR,seoul_open_data
ST-2652,10,4162.0, 노량진1동 청소년독서실,,10.0,QR,seoul_open_data
ST-2651,10,4158.0, 노량진근린공원,,10.0,QR,seoul_open_data
ST-2650,10,4153.0, 흑석동효사정앞,,10.0,QR,seoul_open_data
ST-265,8,605.0, 신설동역8번출구,8.0,,LCD,seoul_open_data
ST-2649,10,4152.0, 상도효성해링턴플레이스,,10.0,QR,seoul_open_data
ST-2648,8,4584.0, 국회2문,,8.0,QR,seoul_open_data
ST-2647,12,4583.0, 의정관,,12.0,QR,seoul_open_data
ST-2646,12,4582.0, 국회도서관,,12.0,QR,seoul_open_data
ST-2645,12,4581.0, 국회소통관,,12.0,QR,seoul_open_data
ST-2644,12,4580.0,국회제2의원회관,,12.0,QR,seoul_open_data
ST-2643,10,4579.0, 국회의사당 본관,,10.0,QR,seoul_open_data
ST-2642,8,3966.0, 독산역1번출구 B,,8.0,QR,seoul_open_data
ST-2641,10,3963.0, 에이스 하드웨어(시흥대로 396) 앞,,10.0,QR,seoul_open_data
ST-2640,20,,,,,,fallback_20
ST-264,20,,,,,,fallback_20
ST-2639,10,3959.0, 시흥사거리(시흥동 994-3 앞),,10.0,QR,seoul_open_data
ST-2638,10,3958.0, 롯데캐슬2차 마을버스 정류장(18804) 뒤편,,10.0,QR,seoul_open_data
ST-2637,10,3956.0, 대륭테크노타운21차 앞,,10.0,QR,seoul_open_data
ST-2636,10,4813.0, 망우지구대,,10.0,QR,seoul_open_data
ST-2635,10,4812.0, 묵동 이마트 앞,,10.0,QR,seoul_open_data
ST-2634,10,4811.0, 한양수자인아파트 앞,,10.0,QR,seoul_open_data
ST-2633,20,,,,,,fallback_20
ST-2632,20,,,,,,fallback_20
ST-2631,20,,,,,,fallback_20
ST-2630,9,4804.0, 동서울농협 앞,,9.0,QR,seoul_open_data
ST-263,20,,,,,,fallback_20
ST-2629,20,,,,,,fallback_20
ST-2628,20,,,,,,fallback_20
ST-2627,5,3799.0, 국립항공박물관,,5.0,QR,seoul_open_data
ST-2626,10,4793.0, 동대문역사문화공원역 5번출구,,10.0,QR,seoul_open_data
ST-2625,10,4792.0, 퇴계로4가 교차로(중구청),,10.0,QR,seoul_open_data
ST-2624,7,4752.0, 삼성사이버빌리지아파트,,7.0,QR,seoul_open_data
ST-2623,7,4713.0, 현대 뜨레비앙 아파트 앞,,7.0,QR,seoul_open_data
ST-2622,20,,,,,,fallback_20
ST-2621,15,4857.0, 올림픽공원 장미광장,,15.0,QR,seoul_open_data
ST-2620,20,,,,,,fallback_20
ST-262,10,602.0, 장안동 사거리,,10.0,QR,seoul_open_data
ST-2619,20,,,,,,fallback_20
ST-2618,20,,,,,,fallback_20
ST-2617,12,3807.0, 관악우체국 교차로,,12.0,QR,seoul_open_data
ST-2616,10,3806.0, 낙성대 교수아파트,,10.0,QR,seoul_open_data
ST-2615,20,,,,,,fallback_20
ST-2614,7,3803.0, 남서울중학교,,7.0,QR,seoul_open_data
ST-2613,10,3764.0, 관문주유소(GS칼택스) 앞,,10.0,QR,seoul_open_data
ST-2612,20,,,,,,fallback_20
ST-2611,10,3754.0, 신방화역 8번출구,,10.0,QR,seoul_open_data
ST-2610,20,,,,,,fallback_20
ST-261,20,,,,,,fallback_20
ST-2609,15,4859.0, 잠실나루 나들목,,15.0,QR,seoul_open_data
ST-2608,10,4856.0, 올림픽공원 서1문 앞,,10.0,QR,seoul_open_data
ST-2607,20,,,,,,fallback_20
ST-2606,10,4854.0, 가락시장역 2번 출구,,10.0,QR,seoul_open_data
ST-2605,20,,,,,,fallback_20
ST-2604,20,,,,,,fallback_20
ST-2603,20,,,,,,fallback_20
ST-2602,20,4497.0, 아시아선수촌아파트 교차로,,20.0,QR,seoul_open_data
ST-2601,10,4496.0, 잠실 파크리오 120동 앞,,10.0,QR,seoul_open_data
ST-2600,20,,,,,,fallback_20
ST-260,20,,,,,,fallback_20
ST-26,35,124.0, 서강대 정문 건너편,,35.0,QR,seoul_open_data
ST-2599,20,,,,,,fallback_20
ST-2598,10,4490.0, 송파파인타운 10단지 1005동,,10.0,QR,seoul_open_data
ST-2597,20,,,,,,fallback_20
ST-2596,10,4486.0, 홈플러스 잠실점,,10.0,QR,seoul_open_data
ST-2595,10,4485.0, 잠실나루역 고가하부,,10.0,QR,seoul_open_data
ST-2594,10,4484.0, 잠실나루역4번출구뒤,,10.0,QR,seoul_open_data
ST-2593,10,4483.0, 잠실나들목4,,10.0,QR,seoul_open_data
ST-2592,25,4481.0, 올림픽공원 북2문 B,,25.0,QR,seoul_open_data
ST-2591,20,,,,,,fallback_20
ST-2590,20,,,,,,fallback_20
ST-259,10,549.0, 아차산역 3번출구,10.0,,LCD,seoul_open_data
ST-2589,20,,,,,,fallback_20
ST-2588,10,4475.0, 송파파인타운 4단지 403동,,10.0,QR,seoul_open_data
ST-2587,10,4474.0, 가락현대 1차 11동 앞,,10.0,QR,seoul_open_data
ST-2586,20,,,,,,fallback_20
ST-2585,20,,,,,,fallback_20
ST-2584,20,,,,,,fallback_20
ST-2583,20,,,,,,fallback_20
ST-2582,20,,,,,,fallback_20
ST-2581,20,,,,,,fallback_20
ST-2580,15,4464.0, 올림픽공원 북2문 A,,15.0,QR,seoul_open_data
ST-258,20,548.0, 자양나들목,20.0,,LCD,seoul_open_data
ST-2579,20,,,,,,fallback_20
ST-2578,20,,,,,,fallback_20
ST-2577,20,,,,,,fallback_20
ST-2576,8,4460.0, 올림픽훼미리아파트 112동 앞,,8.0,QR,seoul_open_data
ST-2575,20,,,,,,fallback_20
ST-2574,50,4457.0, 아산병원 기숙사 부근,,50.0,QR,seoul_open_data
ST-2573,20,,,,,,fallback_20
ST-2572,15,4453.0, 위례중앙푸르지오 201동 앞,,15.0,QR,seoul_open_data
ST-2571,10,4452.0, 삼성SDS,,10.0,QR,seoul_open_data
ST-2570,11,4320.0, 신영체르니 아파트,,11.0,QR,seoul_open_data
ST-257,8,546.0, 잠실대교북단 교차로,8.0,,LCD,seoul_open_data
ST-2569,25,3759.0, 이대서울병원,,25.0,QR,seoul_open_data
ST-2568,10,3654.0, 강동리버스트4단지아파트 405동 앞,,10.0,QR,seoul_open_data
ST-2567,10,3653.0, 강동리버스트4단지아파트 404동 앞,,10.0,QR,seoul_open_data
ST-2566,20,,,,,,fallback_20
ST-2565,6,4705.0, 웰니스센터(민방위교육장 앞),,6.0,QR,seoul_open_data
ST-2564,10,4557.0, 리버뷰신안인스빌2차 후문,,10.0,QR,seoul_open_data
ST-2563,10,4556.0, 리버뷰신안인스빌1차 후문,,10.0,QR,seoul_open_data
ST-2562,20,,,,,,fallback_20
ST-2561,5,4253.0, 홍은도담도서관,,5.0,QR,seoul_open_data
ST-2560,10,4114.0, 휘경여중고삼거리,,10.0,QR,seoul_open_data
ST-256,20,544.0, 광남중학교,20.0,,LCD,seoul_open_data
ST-2559,10,3907.0, 신도림7차e편한세상아파트 806동 앞,,10.0,QR,seoul_open_data
ST-2558,9,3786.0, 강서힐스테이트 상가 앞,,9.0,QR,seoul_open_data
ST-2557,11,3798.0, 그랜드아이파크아파트 앞,,11.0,QR,seoul_open_data
ST-2556,10,3797.0, 마곡수명산파크7단지 710동 앞,,10.0,QR,seoul_open_data
ST-2555,8,3796.0, 송정역 3번출구 앞,,8.0,QR,seoul_open_data
ST-2554,20,,,,,,fallback_20
ST-2553,20,3794.0, 안양천합수부(현대3차아파트),,20.0,QR,seoul_open_data
ST-2552,10,3793.0, 더리브골드타워,,10.0,QR,seoul_open_data
ST-2551,10,3792.0, 화곡본동시장 입구,,10.0,QR,seoul_open_data
ST-2550,20,,,,,,fallback_20
ST-255,20,543.0, 구의공원(테크노마트 앞),,20.0,QR,seoul_open_data
ST-2549,10,4076.0, 도봉통합복지센터 뒤 중랑천 변,,10.0,QR,seoul_open_data
ST-2548,15,3878.0, 장로회신학대학교 주기철 기념관,,15.0,QR,seoul_open_data
ST-2547,8,3873.0, 동서울우편집중국 앞,,8.0,QR,seoul_open_data
ST-2546,10,3868.0, 자양한강도서관,,10.0,QR,seoul_open_data
ST-2545,8,3865.0, 이튼타워리버 2차,,8.0,QR,seoul_open_data
ST-2544,11,3864.0, 광진소방서 앞,,11.0,QR,seoul_open_data
ST-2543,10,3863.0, 동일로58길 입구,,10.0,QR,seoul_open_data
ST-2542,10,3860.0, 건국대학교 정문 앞,,10.0,QR,seoul_open_data
ST-2541,18,3853.0, 어린이대공원역 2번출구,,18.0,QR,seoul_open_data
ST-2540,20,,,,,,fallback_20
ST-254,19,542.0, 강변역 4번출구 뒤,,19.0,QR,seoul_open_data
ST-2539,10,3766.0, 강서문화센터,,10.0,QR,seoul_open_data
ST-2538,17,3760.0, 발산역 8번 출구,,17.0,QR,seoul_open_data
ST-2537,10,4214.0, JTBC 앞,,10.0,QR,seoul_open_data
ST-2536,15,4213.0, 마포구중앙도서관 정문 앞,,15.0,QR,seoul_open_data
ST-2535,10,4212.0, 한화오벨리스크 앞,,10.0,QR,seoul_open_data
ST-2534,8,4211.0, 시석빌딩 앞,,8.0,QR,seoul_open_data
ST-2533,7,4210.0, 가좌행복주택 앞,,7.0,QR,seoul_open_data
ST-2532,10,4208.0, 스타벅스(동교동) 앞,,10.0,QR,seoul_open_data
ST-2531,10,4207.0, 아만티호텔 앞,,10.0,QR,seoul_open_data
ST-2530,7,4206.0, 광흥창역5번출구,,7.0,QR,seoul_open_data
ST-253,8,540.0, 군자역 7번출구 베스트샵 앞,8.0,,LCD,seoul_open_data
ST-2529,20,,,,,,fallback_20
ST-2528,9,4202.0, 프런트원(공덕역4번출구 앞),,9.0,QR,seoul_open_data
ST-2527,10,4791.0, 명동역9번 출구,,10.0,QR,seoul_open_data
ST-2526,8,4785.0, 롯데시티호텔,,8.0,QR,seoul_open_data
ST-2525,10,4784.0, 중부경찰서앞 사거리,,10.0,QR,seoul_open_data
ST-2524,20,,,,,,fallback_20
ST-2523,20,,,,,,fallback_20
ST-2522,10,4776.0, 신세계면세점,,10.0,QR,seoul_open_data
ST-2521,10,4775.0, 을지로지하쇼핑센터,,10.0,QR,seoul_open_data
ST-2520,9,4774.0, 을지로입구역 8번출구,,9.0,QR,seoul_open_data
ST-252,10,539.0, 군자교교차로,,10.0,QR,seoul_open_data
ST-2519,10,4772.0, 중앙일보,,10.0,QR,seoul_open_data
ST-2518,20,,,,,,fallback_20
ST-2517,10,4762.0, 국제빌딩,,10.0,QR,seoul_open_data
ST-2516,10,4761.0, 중부경찰서앞사거리 건너편,,10.0,QR,seoul_open_data
ST-2515,20,,,,,,fallback_20
ST-2514,10,4753.0, 시청역 10번출구,,10.0,QR,seoul_open_data
ST-2513,5,4707.0, 청계3가 사거리,,5.0,QR,seoul_open_data
ST-2512,20,,,,,,fallback_20
ST-2511,8,4703.0, 쌍용아파트2단지 정문,,8.0,QR,seoul_open_data
ST-2510,20,,,,,,fallback_20
ST-251,20,550.0, 서울시설공단 앞,,20.0,QR,seoul_open_data
ST-2509,10,4123.0, 배봉초교 교차로,,10.0,QR,seoul_open_data
ST-2508,10,4122.0, 청계9가교차로 앞,,10.0,QR,seoul_open_data
ST-2507,15,4121.0, 서울문화재단 앞,,15.0,QR,seoul_open_data
ST-2506,10,4117.0, 휘경119안전센터 앞,,10.0,QR,seoul_open_data
ST-2505,10,4116.0, 이문e편한세상아파트 앞,,10.0,QR,seoul_open_data
ST-2504,10,4113.0, 한국국방연구원 앞,,10.0,QR,seoul_open_data
ST-2503,20,,,,,,fallback_20
ST-2502,10,4110.0, 용두롯데캐슬리치아파트 앞,,10.0,QR,seoul_open_data
ST-2501,10,4108.0, 답십리파크자이아파트 앞,,10.0,QR,seoul_open_data
ST-2500,10,4107.0, 장안동근린공원 입구,,10.0,QR,seoul_open_data
ST-250,20,,,,,,fallback_20
ST-25,20,123.0, 문화촌 공원,,20.0,QR,seoul_open_data
ST-2499,10,4105.0, 서울교통공사사거리 교통섬,,10.0,QR,seoul_open_data
ST-2498,10,4104.0, 외대앞역 교차로,,10.0,QR,seoul_open_data
ST-2497,10,4103.0, 휘경sk뷰아파트 앞,,10.0,QR,seoul_open_data
ST-2496,7,4102.0, 휘경1동주민센터 앞,,7.0,QR,seoul_open_data
ST-2495,20,,,,,,fallback_20
ST-2494,35,3789.0, 염창나들목,,35.0,QR,seoul_open_data
ST-2493,15,3788.0, 정곡나들목,,15.0,QR,seoul_open_data
ST-2492,32,6184.0,한강버스 마곡 선착장,,32.0,QR,seoul_open_data
ST-2491,10,3784.0, 벽산아파트,,10.0,QR,seoul_open_data
ST-2490,10,3783.0, 마곡금호어울림아파트,,10.0,QR,seoul_open_data
ST-249,10,537.0, 한양대후문역 부근,10.0,,LCD,seoul_open_data
ST-2489,10,3782.0, 겸재정선미술관,,10.0,QR,seoul_open_data
ST-2488,12,3781.0, 강서아동복지센터,,12.0,QR,seoul_open_data
ST-2487,22,3780.0, 등촌서광아파트,,22.0,QR,seoul_open_data
ST-2486,10,3778.0, 김포공항입구 교차로,,10.0,QR,seoul_open_data
ST-2485,20,,,,,,fallback_20
ST-2484,10,3776.0, 김포공항사거리,,10.0,QR,seoul_open_data
ST-2483,10,3775.0, 가양오토갤러리,,10.0,QR,seoul_open_data
ST-2482,15,3772.0, 길성그랑프리텔아파트,,15.0,QR,seoul_open_data
ST-2481,10,3767.0, 대원빌딩,,10.0,QR,seoul_open_data
ST-2480,10,3765.0, 문소빌딩,,10.0,QR,seoul_open_data
ST-248,8,536.0, 행당역 2번출구 앞,8.0,,LCD,seoul_open_data
ST-2479,18,3763.0, 등촌태영아파트,,18.0,QR,seoul_open_data
ST-2478,10,3761.0, 나이아가라관광호텔,,10.0,QR,seoul_open_data
ST-2477,10,3756.0, 마곡힐스테이트 정문,,10.0,QR,seoul_open_data
ST-2476,10,3753.0, 공항중학교 버스정류장,,10.0,QR,seoul_open_data
ST-2475,20,,,,,,fallback_20
ST-2474,20,,,,,,fallback_20
ST-2473,8,4710.0, 자교교회 앞,,8.0,QR,seoul_open_data
ST-2472,6,4708.0, 조계사앞사거리,,6.0,QR,seoul_open_data
ST-2471,20,,,,,,fallback_20
ST-2470,10,4653.0, 불광역 9번 출구 맞은편,,10.0,QR,seoul_open_data
ST-247,11,535.0, 응봉삼거리,,11.0,QR,seoul_open_data
ST-2469,8,4625.0, 용산공원갤러리앞,,8.0,QR,seoul_open_data
ST-2468,8,4362.0, 행당중학교 후문,,8.0,QR,seoul_open_data
ST-2467,15,4360.0, 르노삼성자동차 성수사업소 앞,,15.0,QR,seoul_open_data
ST-2466,8,4353.0, 코오롱디지털타워 3차앞,,8.0,QR,seoul_open_data
ST-2465,15,3905.0, 희훈타워빌 앞,,15.0,QR,seoul_open_data
ST-2464,10,3904.0, 테크노마트 앞,,10.0,QR,seoul_open_data
ST-2463,10,3903.0, 현대아파트 앞,,10.0,QR,seoul_open_data
ST-2462,20,,,,,,fallback_20
ST-2461,10,3714.0, 송천센트레빌,,10.0,QR,seoul_open_data
ST-2460,20,,,,,,fallback_20
ST-246,10,534.0, 금호사거리,,10.0,QR,seoul_open_data
ST-2459,10,3707.0, 드래곤타워 앞,,10.0,QR,seoul_open_data
ST-2458,20,,,,,,fallback_20
ST-2457,10,3655.0, 둔촌신성미소지움아파트,,10.0,QR,seoul_open_data
ST-2456,8,4629.0, 한강초교보도육교 앞,,8.0,QR,seoul_open_data
ST-2455,7,4627.0, 효창공원앞역 5번출구 옆,,7.0,QR,seoul_open_data
ST-2454,20,,,,,,fallback_20
ST-2453,10,4623.0, 라인프랜즈이태원점 앞,,10.0,QR,seoul_open_data
ST-2452,6,4622.0, 한강중학교 앞 버스정류장,,6.0,QR,seoul_open_data
ST-2451,8,4620.0, 삼각지역 14번 출구 앞(교통섬),,8.0,QR,seoul_open_data
ST-2450,10,4619.0, 한강트럼프월드3차 앞,,10.0,QR,seoul_open_data
ST-245,7,533.0, 금남시장 교차로,7.0,,LCD,seoul_open_data
ST-2449,10,4618.0, 풍전아파트 건너편,,10.0,QR,seoul_open_data
ST-2448,6,4617.0, 동원베네스트 건너편,,6.0,QR,seoul_open_data
ST-2447,15,4616.0, 신용산지하차도 앞,,15.0,QR,seoul_open_data
ST-2446,7,4615.0, 크라운호텔앞 버스정류소,,7.0,QR,seoul_open_data
ST-2445,7,4613.0, 서울갤러리아 앞,,7.0,QR,seoul_open_data
ST-2444,8,4612.0, 한남 준 JFSS 앞,,8.0,QR,seoul_open_data
ST-2443,10,4611.0, 국제루터교회 앞,,10.0,QR,seoul_open_data
ST-2442,10,4610.0, 한남나인원 105동 앞,,10.0,QR,seoul_open_data
ST-2441,10,4609.0, 파크타워 104동 앞,,10.0,QR,seoul_open_data
ST-2440,10,4608.0, 국립중앙박물관 정문 앞,,10.0,QR,seoul_open_data
ST-244,9,530.0, 청계벽산아파트 앞,9.0,,LCD,seoul_open_data
ST-2439,10,4607.0, 국립중앙박물관 -용산가족공원 앞,,10.0,QR,seoul_open_data
ST-2438,20,,,,,,fallback_20
ST-2437,15,4604.0, 원효로다목적체육관 앞,,15.0,QR,seoul_open_data
ST-2436,20,,,,,,fallback_20
ST-2435,8,3906.0, 천왕차량사업소 입구,,8.0,QR,seoul_open_data
ST-2434,10,4782.0, 서소문역사공원,,10.0,QR,seoul_open_data
ST-2433,10,4781.0, 브라운스위트레지던스,,10.0,QR,seoul_open_data
ST-2432,23,4766.0, 서소문성지역사박물관,,23.0,QR,seoul_open_data
ST-2431,20,4765.0, 동대문디자인플라자,,20.0,QR,seoul_open_data
ST-2430,10,4760.0, 서울역 7번출구,,10.0,QR,seoul_open_data
ST-243,8,529.0, 장한평역 8번 출구 앞,,8.0,QR,seoul_open_data
ST-2429,20,,,,,,fallback_20
ST-2428,20,,,,,,fallback_20
ST-2427,10,4711.0, 올림픽기념 국민생활관 로터리,,10.0,QR,seoul_open_data
ST-2426,20,,,,,,fallback_20
ST-2425,10,4652.0, 신사두산위브2차아파트 앞,,10.0,QR,seoul_open_data
ST-2424,20,,,,,,fallback_20
ST-2423,20,,,,,,fallback_20
ST-2422,10,3013.0,서울지방고용노동청 앞,,10.0,QR,seoul_open_data
ST-2421,20,,,,,,fallback_20
ST-2420,7,3600.0,사근빗물펌프장 건너편,,7.0,QR,seoul_open_data
ST-242,10,526.0, 용답토속공원 앞,,10.0,QR,seoul_open_data
ST-2419,10,2746.0,수명산파크 4단지 411동 앞,,10.0,QR,seoul_open_data
ST-2418,20,,,,,,fallback_20
ST-2417,10,2550.0,양재동 꽃시장 건너편,,10.0,QR,seoul_open_data
ST-2416,20,,,,,,fallback_20
ST-2415,18,2548.0,반포1동 자율방범초소 옆,,18.0,QR,seoul_open_data
ST-2414,7,2547.0, 반포래미안 리오센트,,7.0,QR,seoul_open_data
ST-2413,20,,,,,,fallback_20
ST-2412,9,2745.0,수명초등학교,,9.0,QR,seoul_open_data
ST-2411,25,2744.0,강서세무서 앞,,25.0,QR,seoul_open_data
ST-2410,10,2659.0,서울친환경유통센터,,10.0,QR,seoul_open_data
ST-241,20,525.0, 한양대병원사거리,,20.0,QR,seoul_open_data
ST-2409,10,2658.0,가락몰 업무동,,10.0,QR,seoul_open_data
ST-2408,10,3588.0,세종대학교(영실관),,10.0,QR,seoul_open_data
ST-2407,15,3587.0,우성식품 앞,,15.0,QR,seoul_open_data
ST-2406,10,1382.0,래미안월곡아파트 입구,,10.0,QR,seoul_open_data
ST-2405,8,1574.0,송중초등학교 옆,,8.0,QR,seoul_open_data
ST-2404,20,2539.0,대한무역투자진흥공사 KOTRA 앞,,20.0,QR,seoul_open_data
ST-2403,20,,,,,,fallback_20
ST-2402,20,,,,,,fallback_20
ST-2401,10,1571.0,북서울 꿈의 숲 입구,,10.0,QR,seoul_open_data
ST-2400,20,,,,,,fallback_20
ST-240,10,524.0, 래미안금호하이리버 아파트 102동 옆,,10.0,QR,seoul_open_data
ST-24,10,122.0, 신성기사식당 앞,,10.0,QR,seoul_open_data
ST-2399,20,,,,,,fallback_20
ST-2398,10,797.0,목동아파트 1422동 1434동 사잇길,,10.0,QR,seoul_open_data
ST-2397,10,796.0,목동아파트 14단지 B상가 앞,,10.0,QR,seoul_open_data
ST-2396,22,795.0,양천 해누리타운,,22.0,QR,seoul_open_data
ST-2395,10,794.0,양천문화회관,,10.0,QR,seoul_open_data
ST-2394,12,3311.0,서울대입구역 4번 출구,,12.0,QR,seoul_open_data
ST-2393,15,3310.0,영락고등학교,,15.0,QR,seoul_open_data
ST-2392,20,,,,,,fallback_20
ST-2391,20,,,,,,fallback_20
ST-2390,20,,,,,,fallback_20
ST-239,7,523.0, 옥수동성당 옆,,7.0,QR,seoul_open_data
ST-2389,20,,,,,,fallback_20
ST-2388,20,,,,,,fallback_20
ST-2387,20,,,,,,fallback_20
ST-2386,20,,,,,,fallback_20
ST-2385,20,,,,,,fallback_20
ST-2384,20,,,,,,fallback_20
ST-2383,20,,,,,,fallback_20
ST-2382,10,2198.0,사랑의병원,,10.0,QR,seoul_open_data
ST-2381,20,,,,,,fallback_20
ST-2380,15,2196.0, 봉천역 3번출구,,15.0,QR,seoul_open_data
ST-238,9,522.0, 금호역 1번출구 앞,,9.0,QR,seoul_open_data
ST-2379,15,2195.0,은천교회,,15.0,QR,seoul_open_data
ST-2378,20,,,,,,fallback_20
ST-2377,20,,,,,,fallback_20
ST-2376,20,,,,,,fallback_20
ST-2375,10,2191.0,대학동주민센터,,10.0,QR,seoul_open_data
ST-2374,12,2190.0,도원맨션,,12.0,QR,seoul_open_data
ST-2373,15,2189.0, 봉천역 4번출구,,15.0,QR,seoul_open_data
ST-2372,20,,,,,,fallback_20
ST-2371,15,2187.0, 현대시장사거리,,15.0,QR,seoul_open_data
ST-2370,15,2186.0, 낙성대입구삼거리,,15.0,QR,seoul_open_data
ST-237,14,521.0, 왕십리역 11번 출구 앞,,14.0,QR,seoul_open_data
ST-2369,8,2096.0,서울특별시 동작관악교육지원청,,8.0,QR,seoul_open_data
ST-2368,10,2095.0,경문고등학교 앞,,10.0,QR,seoul_open_data
ST-2367,20,2094.0,숭실대학교(중문),,20.0,QR,seoul_open_data
ST-2366,8,2093.0,상도SH빌아파트 입구,,8.0,QR,seoul_open_data
ST-2365,10,2092.0,흑석한강푸르지오(110동),,10.0,QR,seoul_open_data
ST-2364,15,2091.0, 이수역9번출구,,15.0,QR,seoul_open_data
ST-2363,15,2090.0,기아자동차 사당점 앞,,15.0,QR,seoul_open_data
ST-2362,10,2089.0,사당역10번출구(금강빌딩),,10.0,QR,seoul_open_data
ST-2361,10,2088.0,상도중앙하이츠빌 입구,,10.0,QR,seoul_open_data
ST-2360,20,,,,,,fallback_20
ST-236,7,520.0, 상왕십리역 4번 출구 앞,,7.0,QR,seoul_open_data
ST-2359,22,2086.0,삼일수영장 앞,,22.0,QR,seoul_open_data
ST-2358,20,2085.0,강남중학교 앞,,20.0,QR,seoul_open_data
ST-2357,15,2084.0,e편한세상 상도노빌리티 앞,,15.0,QR,seoul_open_data
ST-2356,10,2083.0,흑석롯데캐슬에듀포레(107동),,10.0,QR,seoul_open_data
ST-2355,10,2082.0,7호선 이수역7번출구,,10.0,QR,seoul_open_data
ST-2354,20,,,,,,fallback_20
ST-2353,15,2080.0, 대방지하보도(대방동경남아너스빌아파트),,15.0,QR,seoul_open_data
ST-2352,25,2079.0,중앙대학교 중앙광장,,25.0,QR,seoul_open_data
ST-2351,13,2078.0,흑석 아크로리버하임(103동),,13.0,QR,seoul_open_data
ST-2350,10,2077.0,노들역 3번출구,,10.0,QR,seoul_open_data
ST-235,20,519.0, 양지사거리,,20.0,QR,seoul_open_data
ST-2349,20,,,,,,fallback_20
ST-2348,20,,,,,,fallback_20
ST-2347,20,,,,,,fallback_20
ST-2346,20,,,,,,fallback_20
ST-2345,20,,,,,,fallback_20
ST-2344,20,,,,,,fallback_20
ST-2343,10,3561.0,행당동 삼부APT후문,,10.0,QR,seoul_open_data
ST-2342,22,3560.0,성동구 견인차량 보관소 앞,,22.0,QR,seoul_open_data
ST-2341,10,3559.0,성동구민종합체육센터 앞,,10.0,QR,seoul_open_data
ST-2340,10,3558.0,마장동 금호어울림APT앞,,10.0,QR,seoul_open_data
ST-234,20,518.0, 청계천 박물관 앞,,20.0,QR,seoul_open_data
ST-2339,8,3557.0,서울숲리버뷰자이APT105동 앞,,8.0,QR,seoul_open_data
ST-2338,10,3556.0,신금호파크자이APT앞,,10.0,QR,seoul_open_data
ST-2337,10,3555.0,양지사거리(센트라스APT 115동앞),,10.0,QR,seoul_open_data
ST-2336,20,,,,,,fallback_20
ST-2335,10,3553.0,마장역3번출구,,10.0,QR,seoul_open_data
ST-2334,19,3552.0,서울숲 공영주차장앞,,19.0,QR,seoul_open_data
ST-2333,10,3551.0,성동도로사업소,,10.0,QR,seoul_open_data
ST-2332,20,3550.0,금호나들목,,20.0,QR,seoul_open_data
ST-2331,9,3549.0,건영아파트 앞,,9.0,QR,seoul_open_data
ST-2330,10,3548.0,뚝섬역 6번출구,,10.0,QR,seoul_open_data
ST-233,10,180.0, 충정로역 7번출구 아래,10.0,,LCD,seoul_open_data
ST-2329,12,3547.0,상왕십리역 6번 출입구,,12.0,QR,seoul_open_data
ST-2328,20,,,,,,fallback_20
ST-2327,10,3545.0,한양대역 1번출구,,10.0,QR,seoul_open_data
ST-2326,10,3544.0,한양대역 3번 출구,,10.0,QR,seoul_open_data
ST-2325,8,3586.0,군자역 비채온 오피스텔,,8.0,QR,seoul_open_data
ST-2324,20,,,,,,fallback_20
ST-2323,20,,,,,,fallback_20
ST-2322,20,,,,,,fallback_20
ST-2321,14,3582.0,화양동 우체국,,14.0,QR,seoul_open_data
ST-2320,15,3581.0,광진광장,,15.0,QR,seoul_open_data
ST-232,14,179.0, 가좌역 4번출구 앞,,14.0,QR,seoul_open_data
ST-2319,20,,,,,,fallback_20
ST-2318,20,3579.0,광진 캠퍼스시티,,20.0,QR,seoul_open_data
ST-2317,20,,,,,,fallback_20
ST-2316,20,,,,,,fallback_20
ST-2315,20,,,,,,fallback_20
ST-2314,6,3575.0, 자양사거리(서원빌딩),,6.0,QR,seoul_open_data
ST-2313,20,,,,,,fallback_20
ST-2312,15,3573.0,광나루안전체험관,,15.0,QR,seoul_open_data
ST-2311,20,,,,,,fallback_20
ST-2310,15,3571.0,화양 APT(횡단보도 옆),,15.0,QR,seoul_open_data
ST-231,20,175.0, 홍연2교옆,20.0,,LCD,seoul_open_data
ST-2309,10,3570.0,구의역 리버비스타 오피스텔,,10.0,QR,seoul_open_data
ST-2308,12,3569.0,건대병원후문,,12.0,QR,seoul_open_data
ST-2307,20,,,,,,fallback_20
ST-2306,20,,,,,,fallback_20
ST-2305,20,,,,,,fallback_20
ST-2304,20,,,,,,fallback_20
ST-2303,20,,,,,,fallback_20
ST-2302,5,3563.0,구의7단지현대아파트,,5.0,QR,seoul_open_data
ST-2301,15,1480.0,용마지구대 B,,15.0,QR,seoul_open_data
ST-2300,10,1479.0,면목 홈플러스 2,,10.0,QR,seoul_open_data
ST-230,8,173.0, 서대문역 8번출구 앞,8.0,,LCD,seoul_open_data
ST-23,15,121.0, 마포소방서 앞,,15.0,QR,seoul_open_data
ST-2299,15,1478.0,홈플러스 상봉점 앞,,15.0,QR,seoul_open_data
ST-2298,10,1477.0,면목삼익아파트 앞,,10.0,QR,seoul_open_data
ST-2297,20,,,,,,fallback_20
ST-2296,20,,,,,,fallback_20
ST-2295,10,1474.0,서울중랑우체국,,10.0,QR,seoul_open_data
ST-2294,10,1473.0,중랑역 1번 출구(중화문화복지센터),,10.0,QR,seoul_open_data
ST-2293,8,1472.0,영성빌딩(PAT),,8.0,QR,seoul_open_data
ST-2292,10,1471.0,동양쇼핑 정류소 앞,,10.0,QR,seoul_open_data
ST-2291,20,1470.0,중화동 우리은행 앞,,20.0,QR,seoul_open_data
ST-2290,20,1469.0,먹골역 4번출구,,20.0,QR,seoul_open_data
ST-229,20,,,,,,fallback_20
ST-2289,6,1468.0,먹골역 7번 출구,,6.0,QR,seoul_open_data
ST-2288,20,,,,,,fallback_20
ST-2287,10,1466.0,두산대림아파트 삼거리,,10.0,QR,seoul_open_data
ST-2286,20,,,,,,fallback_20
ST-2285,15,1464.0,중화역 4번출구,,15.0,QR,seoul_open_data
ST-2284,10,1463.0,중랑구민회관,,10.0,QR,seoul_open_data
ST-2283,9,1462.0,동부시장 북문 앞,,9.0,QR,seoul_open_data
ST-2282,12,1461.0,동양엔파트 앞,,12.0,QR,seoul_open_data
ST-2281,14,681.0,서울특별시 동부교육지원청(육교),,14.0,QR,seoul_open_data
ST-2280,22,680.0,꿈마루어린이도서관 앞,,22.0,QR,seoul_open_data
ST-228,10,171.0, 임광빌딩 앞,,10.0,QR,seoul_open_data
ST-2279,10,679.0,전농SK아파트 앞,,10.0,QR,seoul_open_data
ST-2278,21,678.0,장안힐스테이트(아) 앞,,21.0,QR,seoul_open_data
ST-2277,20,,,,,,fallback_20
ST-2276,9,676.0,FITI시험연구원 앞,,9.0,QR,seoul_open_data
ST-2275,20,,,,,,fallback_20
ST-2274,15,674.0,고대앞사거리 교통섬,,15.0,QR,seoul_open_data
ST-2273,10,673.0,안암골벽산아파트(후문),,10.0,QR,seoul_open_data
ST-2272,17,672.0,대광고등학교,,17.0,QR,seoul_open_data
ST-2271,10,671.0,대광빌딩,,10.0,QR,seoul_open_data
ST-2270,9,670.0,삼육서울병원 버스정류장,,9.0,QR,seoul_open_data
ST-227,10,170.0, DMC파크뷰자이아파트 302동 앞,10.0,,LCD,seoul_open_data
ST-2269,10,669.0,청계한신휴플러스앞 삼거리,,10.0,QR,seoul_open_data
ST-2268,20,,,,,,fallback_20
ST-2267,7,667.0,청량차도 육교 밑,,7.0,QR,seoul_open_data
ST-2266,20,666.0,이문대성유니드아파트 앞,,20.0,QR,seoul_open_data
ST-2265,11,665.0,이문동 쌍용아파트 정문,,11.0,QR,seoul_open_data
ST-2264,10,996.0,응암역2번출구 국민은행 앞,,10.0,QR,seoul_open_data
ST-2263,10,995.0,은평다목적체육관,,10.0,QR,seoul_open_data
ST-2262,10,994.0,북한산생태공원입구(교통섬),,10.0,QR,seoul_open_data
ST-2261,15,993.0,은평뉴타운 은뜨락아파트앞,,15.0,QR,seoul_open_data
ST-2260,10,992.0,북한산입구 정류장,,10.0,QR,seoul_open_data
ST-226,10,169.0, 북가좌 삼거리,,10.0,QR,seoul_open_data
ST-2259,10,991.0,흥국사 정류장,,10.0,QR,seoul_open_data
ST-2258,20,,,,,,fallback_20
ST-2257,10,989.0, 신응교(가좌로) 앞,,10.0,QR,seoul_open_data
ST-2256,20,,,,,,fallback_20
ST-2255,20,,,,,,fallback_20
ST-2254,20,,,,,,fallback_20
ST-2253,10,985.0, 은평세무서 버스정류장(은평구청 방면),,10.0,QR,seoul_open_data
ST-2252,9,984.0,상신초등학교앞 버스정류장,,9.0,QR,seoul_open_data
ST-2251,20,,,,,,fallback_20
ST-2250,10,982.0, 녹번초등학교(서오릉로),,10.0,QR,seoul_open_data
ST-225,20,,,,,,fallback_20
ST-2249,20,,,,,,fallback_20
ST-2248,20,,,,,,fallback_20
ST-2247,10,979.0,원풍빌라앞,,10.0,QR,seoul_open_data
ST-2246,10,978.0,녹번 힐스테이트상가앞,,10.0,QR,seoul_open_data
ST-2245,10,977.0,신도중학교앞,,10.0,QR,seoul_open_data
ST-2244,10,976.0,진관고등학교앞,,10.0,QR,seoul_open_data
ST-2243,10,975.0,백련산 힐스테이트상가앞,,10.0,QR,seoul_open_data
ST-2242,10,974.0,연신초등학교옆 마을마당,,10.0,QR,seoul_open_data
ST-2241,10,973.0,제각말푸르지오 5-1단지 아파트,,10.0,QR,seoul_open_data
ST-2240,10,870.0,노들섬 서측 앞,,10.0,QR,seoul_open_data
ST-224,15,167.0, 연가초등학교 옆,,15.0,QR,seoul_open_data
ST-2239,10,869.0,노들섬 동측 앞,,10.0,QR,seoul_open_data
ST-2238,20,,,,,,fallback_20
ST-2237,30,1396.0,래미안장위퍼스트하이(513동),,30.0,QR,seoul_open_data
ST-2236,20,1395.0,래미안장위포레카운티(102동),,20.0,QR,seoul_open_data
ST-2235,10,1394.0,길음뉴타운 래미안9단지,,10.0,QR,seoul_open_data
ST-2234,10,1393.0,돈암육교 하단,,10.0,QR,seoul_open_data
ST-2233,20,,,,,,fallback_20
ST-2232,10,1391.0,성북청소년센터,,10.0,QR,seoul_open_data
ST-2231,10,1390.0,석관래미안아트리치,,10.0,QR,seoul_open_data
ST-2230,20,,,,,,fallback_20
ST-223,20,166.0, 가재울 초등학교,20.0,,LCD,seoul_open_data
ST-2229,10,1388.0, 돈암초교입구 버스정류장(한성대입구역 방면),,10.0,QR,seoul_open_data
ST-2228,20,,,,,,fallback_20
ST-2227,10,1386.0,동선고가차도 초입,,10.0,QR,seoul_open_data
ST-2226,10,1385.0,성신여대입구역 3번출구 앞,,10.0,QR,seoul_open_data
ST-2225,13,1384.0,성신여대입구역 5번출구,,13.0,QR,seoul_open_data
ST-2224,20,,,,,,fallback_20
ST-2223,18,1381.0,석계역 4번출구 뒤,,18.0,QR,seoul_open_data
ST-2222,10,1380.0,월곡역 5번출구 앞,,10.0,QR,seoul_open_data
ST-2221,20,,,,,,fallback_20
ST-2220,20,,,,,,fallback_20
ST-222,20,165.0, 중앙근린공원,20.0,,LCD,seoul_open_data
ST-2219,10,3134.0,SK리쳄블(상수도사업본부),,10.0,QR,seoul_open_data
ST-2218,20,,,,,,fallback_20
ST-2217,10,3132.0,홍제교,,10.0,QR,seoul_open_data
ST-2216,15,3131.0,연가교 교차로,,15.0,QR,seoul_open_data
ST-2215,20,3130.0,가재울사거리,,20.0,QR,seoul_open_data
ST-2214,20,3129.0,DMC래미안e편한세상203동옆,,20.0,QR,seoul_open_data
ST-2213,7,3128.0,동신병원 맞은편,,7.0,QR,seoul_open_data
ST-2212,10,3127.0,홍은2파출소 옆,,10.0,QR,seoul_open_data
ST-2211,20,,,,,,fallback_20
ST-2210,20,3125.0,연희파크푸르지오아파트 앞,,20.0,QR,seoul_open_data
ST-221,10,164.0, 북가좌1동 주민센터,,10.0,QR,seoul_open_data
ST-2209,20,,,,,,fallback_20
ST-2208,30,3123.0,DMC파크뷰자이1단지 110동 앞,,30.0,QR,seoul_open_data
ST-2207,20,3122.0,북가좌삼거리2,,20.0,QR,seoul_open_data
ST-2206,15,3121.0,가좌삼거리,,15.0,QR,seoul_open_data
ST-2205,12,3120.0,DMC엘가아파트 앞,,12.0,QR,seoul_open_data
ST-2204,10,3119.0,연희 브라운스톤 아파트 앞,,10.0,QR,seoul_open_data
ST-2203,20,,,,,,fallback_20
ST-2202,10,3117.0,이화여대 인문관 인근,,10.0,QR,seoul_open_data
ST-2201,10,3116.0,신촌역 4번출구,,10.0,QR,seoul_open_data
ST-2200,20,3115.0,북아현 치안센터 인근,,20.0,QR,seoul_open_data
ST-220,6,163.0, 명지전문대학교 정문 앞,,6.0,QR,seoul_open_data
ST-22,5,120.0, 신수동 사거리,,5.0,QR,seoul_open_data
ST-2199,15,3113.0,독립문 앞,,15.0,QR,seoul_open_data
ST-2198,7,3114.0,충정로역 3번 출구,,7.0,QR,seoul_open_data
ST-2197,20,,,,,,fallback_20
ST-2196,10,3111.0,무악재역 4번 출구,,10.0,QR,seoul_open_data
ST-2195,15,3110.0,홍은 현대아이파크 아파트 202동 앞,,15.0,QR,seoul_open_data
ST-2194,10,3109.0,북한산더? 106동 앞,,10.0,QR,seoul_open_data
ST-2193,20,,,,,,fallback_20
ST-2192,20,,,,,,fallback_20
ST-2191,10,867.0,서빙고역 광장(1번출구),,10.0,QR,seoul_open_data
ST-2190,10,866.0,브라운스톤 남산아파트,,10.0,QR,seoul_open_data
ST-219,15,162.0, 봉원고가차도 밑,15.0,,LCD,seoul_open_data
ST-2189,20,,,,,,fallback_20
ST-2188,10,864.0,순천향대학병원(한남오거리),,10.0,QR,seoul_open_data
ST-2187,10,863.0,이촌역2번 출구,,10.0,QR,seoul_open_data
ST-2186,20,,,,,,fallback_20
ST-2185,20,,,,,,fallback_20
ST-2184,22,860.0,LG한강 자이아파트 앞,,22.0,QR,seoul_open_data
ST-2183,10,859.0,남산공원 야외식물원 앞,,10.0,QR,seoul_open_data
ST-2182,10,858.0,녹사평역3번 출구,,10.0,QR,seoul_open_data
ST-2181,10,857.0, 현대 안성타워,,10.0,QR,seoul_open_data
ST-2180,20,,,,,,fallback_20
ST-218,8,161.0, 무악재역1번 출구,8.0,,LCD,seoul_open_data
ST-2179,10,855.0,이촌역5번출구 앞,,10.0,QR,seoul_open_data
ST-2178,10,854.0,HID 유족동지회 앞,,10.0,QR,seoul_open_data
ST-2177,19,853.0,용산역 맞은편,,19.0,QR,seoul_open_data
ST-2176,30,852.0,청암자이아파트 앞,,30.0,QR,seoul_open_data
ST-2175,10,851.0,효창 푸르지오 앞,,10.0,QR,seoul_open_data
ST-2174,15,850.0, KCC용산월츠타워,,15.0,QR,seoul_open_data
ST-2173,20,849.0, 삼각지 자이아파트,,20.0,QR,seoul_open_data
ST-2172,10,848.0, 삼각지12번 출구,,10.0,QR,seoul_open_data
ST-2171,20,,,,,,fallback_20
ST-2170,20,,,,,,fallback_20
ST-217,13,160.0,북아현동 가구거리,,13.0,QR,seoul_open_data
ST-2169,20,,,,,,fallback_20
ST-2168,15,3010.0,홍대입구역 3번출구,,15.0,QR,seoul_open_data
ST-2167,10,3009.0,홍대입구역 사거리,,10.0,QR,seoul_open_data
ST-2166,10,3008.0,DMC역7번출구,,10.0,QR,seoul_open_data
ST-2165,10,3007.0,MBC 앞,,10.0,QR,seoul_open_data
ST-2164,10,3006.0, 상암월드컵파크5단지(상암중학교),,10.0,QR,seoul_open_data
ST-2163,10,3005.0,마포구청 청사내,,10.0,QR,seoul_open_data
ST-2162,20,,,,,,fallback_20
ST-2161,5,3003.0,래미안신공덕3차아파트,,5.0,QR,seoul_open_data
ST-2160,10,3002.0,벽산상암스마트큐브,,10.0,QR,seoul_open_data
ST-216,5,159.0, 이대역 4번 출구,,5.0,QR,seoul_open_data
ST-2159,20,,,,,,fallback_20
ST-2158,20,,,,,,fallback_20
ST-2157,10,498.0,연남동주민센터 앞,,10.0,QR,seoul_open_data
ST-2156,25,497.0,합정동주민센터 앞,,25.0,QR,seoul_open_data
ST-2155,20,,,,,,fallback_20
ST-2154,10,495.0,염리초등학교 앞,,10.0,QR,seoul_open_data
ST-2153,5,494.0,신수동주민센터,,5.0,QR,seoul_open_data
ST-2152,7,493.0,홍대입구역 6번출구,,7.0,QR,seoul_open_data
ST-2151,20,,,,,,fallback_20
ST-2150,10,491.0,월드컵파크 4단지,,10.0,QR,seoul_open_data
ST-215,20,,,,,,fallback_20
ST-2149,23,490.0,가온문화공원,,23.0,QR,seoul_open_data
ST-2148,10,489.0,구룡근린공원,,10.0,QR,seoul_open_data
ST-2147,10,488.0,푸르메병원,,10.0,QR,seoul_open_data
ST-2146,20,,,,,,fallback_20
ST-2145,20,,,,,,fallback_20
ST-2144,20,,,,,,fallback_20
ST-2143,20,,,,,,fallback_20
ST-2142,20,,,,,,fallback_20
ST-2141,20,,,,,,fallback_20
ST-2140,20,,,,,,fallback_20
ST-214,12,157.0, 애오개역 4번출구 앞,12.0,,LCD,seoul_open_data
ST-2139,20,,,,,,fallback_20
ST-2138,20,,,,,,fallback_20
ST-2137,10,1569.0,수유역2번출구,,10.0,QR,seoul_open_data
ST-2136,20,,,,,,fallback_20
ST-2135,20,,,,,,fallback_20
ST-2134,15,1565.0,수유사거리,,15.0,QR,seoul_open_data
ST-2133,7,1564.0,4.19민주묘지역 1번출구,,7.0,QR,seoul_open_data
ST-2132,10,1560.0, 도봉세무서 앞,,10.0,QR,seoul_open_data
ST-2131,20,,,,,,fallback_20
ST-2130,20,,,,,,fallback_20
ST-213,10,156.0, 서울서부지방법원 앞,,10.0,QR,seoul_open_data
ST-2129,10,1557.0,신창교,,10.0,QR,seoul_open_data
ST-2128,20,,,,,,fallback_20
ST-2127,20,,,,,,fallback_20
ST-2126,20,,,,,,fallback_20
ST-2125,20,,,,,,fallback_20
ST-2124,20,,,,,,fallback_20
ST-2123,20,,,,,,fallback_20
ST-2122,20,,,,,,fallback_20
ST-2121,20,,,,,,fallback_20
ST-2120,15,1775.0,신원리베르텔 앞,,15.0,QR,seoul_open_data
ST-212,15,155.0, 가좌역1 번출구 앞,,15.0,QR,seoul_open_data
ST-2119,8,1774.0,정의여중고 버스정류소,,8.0,QR,seoul_open_data
ST-2118,20,,,,,,fallback_20
ST-2117,10,1772.0,시립도봉노인복지관 버스정류소,,10.0,QR,seoul_open_data
ST-2116,20,,,,,,fallback_20
ST-2115,20,,,,,,fallback_20
ST-2114,20,,,,,,fallback_20
ST-2113,8,1768.0,신동아타워 버스정류소,,8.0,QR,seoul_open_data
ST-2112,20,,,,,,fallback_20
ST-2111,20,,,,,,fallback_20
ST-2110,20,,,,,,fallback_20
ST-211,13,154.0, 마포구청역,13.0,,LCD,seoul_open_data
ST-2109,20,,,,,,fallback_20
ST-2108,20,,,,,,fallback_20
ST-2107,20,,,,,,fallback_20
ST-2106,20,,,,,,fallback_20
ST-2105,20,,,,,,fallback_20
ST-2104,10,1759.0,서울북부지방법원 앞,,10.0,QR,seoul_open_data
ST-2103,20,,,,,,fallback_20
ST-2102,20,,,,,,fallback_20
ST-2101,20,,,,,,fallback_20
ST-2100,20,,,,,,fallback_20
ST-210,10,153.0, 성산2교 사거리,10.0,,LCD,seoul_open_data
ST-21,10,119.0, 서강나루 공원,,10.0,QR,seoul_open_data
ST-2099,20,,,,,,fallback_20
ST-2098,20,,,,,,fallback_20
ST-2097,20,,,,,,fallback_20
ST-2096,20,,,,,,fallback_20
ST-2095,12,1750.0, 창포원 남쪽 입구,,12.0,QR,seoul_open_data
ST-2094,10,1749.0, ESA아파트 상가 앞,,10.0,QR,seoul_open_data
ST-2093,20,,,,,,fallback_20
ST-2092,20,,,,,,fallback_20
ST-2091,20,,,,,,fallback_20
ST-2090,20,,,,,,fallback_20
ST-209,20,,,,,,fallback_20
ST-2089,15,1744.0,도봉소방서 옆,,15.0,QR,seoul_open_data
ST-2088,10,1743.0,창동19단지아파트 관리사무소앞,,10.0,QR,seoul_open_data
ST-2087,20,,,,,,fallback_20
ST-2086,20,,,,,,fallback_20
ST-2085,16,2919.0,등나무 근린공원(시립북서울미술관 앞),,16.0,QR,seoul_open_data
ST-2084,20,,,,,,fallback_20
ST-2083,20,,,,,,fallback_20
ST-2082,20,,,,,,fallback_20
ST-2081,35,2915.0,서울과학기술대학교(어학교육원),,35.0,QR,seoul_open_data
ST-2080,20,,,,,,fallback_20
ST-208,20,,,,,,fallback_20
ST-2079,20,,,,,,fallback_20
ST-2078,20,2912.0,대진고등학교,,20.0,QR,seoul_open_data
ST-2077,7,2911.0,상계역중앙시장,,7.0,QR,seoul_open_data
ST-2076,10,2910.0,도깨비시장,,10.0,QR,seoul_open_data
ST-2075,13,2909.0, 석계역 3번 출구,,13.0,QR,seoul_open_data
ST-2074,20,2908.0, 광운대학교 중앙도서관,,20.0,QR,seoul_open_data
ST-2073,20,,,,,,fallback_20
ST-2072,20,,,,,,fallback_20
ST-2071,20,,,,,,fallback_20
ST-2070,20,,,,,,fallback_20
ST-207,15,150.0, 서강대역 2번출구 앞,,15.0,QR,seoul_open_data
ST-2069,20,,,,,,fallback_20
ST-2068,20,,,,,,fallback_20
ST-2067,20,,,,,,fallback_20
ST-2066,20,,,,,,fallback_20
ST-2065,20,,,,,,fallback_20
ST-2064,20,,,,,,fallback_20
ST-2063,10,1697.0,상계주공2단지 219동,,10.0,QR,seoul_open_data
ST-2062,20,,,,,,fallback_20
ST-2061,20,,,,,,fallback_20
ST-2060,20,,,,,,fallback_20
ST-206,11,148.0, 용강동 주민센터 앞,,11.0,QR,seoul_open_data
ST-2059,10,2742.0,강서구민올림픽체육센터,,10.0,QR,seoul_open_data
ST-2058,8,2741.0,마곡수명산파크5-6단지,,8.0,QR,seoul_open_data
ST-2057,20,2740.0,마곡레포츠센터,,20.0,QR,seoul_open_data
ST-2056,20,2739.0,수명산파크1단지교차로,,20.0,QR,seoul_open_data
ST-2055,20,,,,,,fallback_20
ST-2054,10,2737.0,까치산역 3번 출구,,10.0,QR,seoul_open_data
ST-2053,20,,,,,,fallback_20
ST-2052,20,,,,,,fallback_20
ST-2051,20,,,,,,fallback_20
ST-2050,15,2733.0,마곡13단지 정문 앞,,15.0,QR,seoul_open_data
ST-205,7,147.0, 마포역 4번출구 뒤,,7.0,QR,seoul_open_data
ST-2049,14,2732.0,마곡수명산 1-2단지,,14.0,QR,seoul_open_data
ST-2048,20,2731.0,명덕고교,,20.0,QR,seoul_open_data
ST-2047,30,2730.0,마곡메가박스 앞,,30.0,QR,seoul_open_data
ST-2046,30,2729.0,넥센 유니버시티 앞,,30.0,QR,seoul_open_data
ST-2045,55,2728.0,마곡나루역 3번 출구,,55.0,QR,seoul_open_data
ST-2044,25,2727.0,서울식물원 잔디마당 앞,,25.0,QR,seoul_open_data
ST-2043,20,,,,,,fallback_20
ST-2042,20,2725.0,서울식물원 식물문화센터,,20.0,QR,seoul_open_data
ST-2041,25,2724.0,(재)FITI시험연구원,,25.0,QR,seoul_open_data
ST-2040,13,2723.0,마곡 필네이처,,13.0,QR,seoul_open_data
ST-204,12,146.0, 마포역 2번출구 뒤,12.0,,LCD,seoul_open_data
ST-2039,15,793.0,목동5단지아파트 534동,,15.0,QR,seoul_open_data
ST-2038,20,,,,,,fallback_20
ST-2037,12,2721.0,등촌1-10단지 교차로,,12.0,QR,seoul_open_data
ST-2036,30,2720.0,힐스테이트에코,,30.0,QR,seoul_open_data
ST-2035,40,2719.0,마곡문화공원,,40.0,QR,seoul_open_data
ST-2034,20,2718.0,마곡수명산파크1단지,,20.0,QR,seoul_open_data
ST-2033,62,2717.0,LG유플러스 마곡사옥,,62.0,QR,seoul_open_data
ST-2032,20,2716.0,롯데 R&D 센터,,20.0,QR,seoul_open_data
ST-2031,25,2715.0,마곡나루역 2번 출구,,25.0,QR,seoul_open_data
ST-2030,20,,,,,,fallback_20
ST-203,9,145.0, 공덕역 5번출구,9.0,,LCD,seoul_open_data
ST-2029,13,2713.0,우장초등학교 앞,,13.0,QR,seoul_open_data
ST-2028,18,2712.0,화곡터널입구교차로,,18.0,QR,seoul_open_data
ST-2027,9,2711.0,가로공원공영주차장 1번 출구,,9.0,QR,seoul_open_data
ST-2026,30,2710.0,라이품 공영주차장 앞,,30.0,QR,seoul_open_data
ST-2025,20,2709.0,강변아파트 310동 앞,,20.0,QR,seoul_open_data
ST-2024,15,2708.0,강서한강자이타워 앞,,15.0,QR,seoul_open_data
ST-2023,13,2707.0,한강아파트,,13.0,QR,seoul_open_data
ST-2022,13,2706.0,강서공업고등학교 앞,,13.0,QR,seoul_open_data
ST-2021,20,,,,,,fallback_20
ST-2020,10,2704.0,홈플러스(강서점),,10.0,QR,seoul_open_data
ST-202,20,,,,,,fallback_20
ST-2019,5,486.0, 평창동주민센터 앞,5.0,,LCD,seoul_open_data
ST-2018,20,2703.0,서울도시가스 앞,,20.0,QR,seoul_open_data
ST-2017,20,792.0,목동트라팰리스 웨스턴에비뉴,,20.0,QR,seoul_open_data
ST-2016,15,791.0,현대하이페리온,,15.0,QR,seoul_open_data
ST-2015,20,,,,,,fallback_20
ST-2014,15,788.0,양천구청역 2번출구 옆,,15.0,QR,seoul_open_data
ST-2013,14,787.0,양천아파트 입구,,14.0,QR,seoul_open_data
ST-2012,9,786.0,목동아파트 8단지 상가동 앞,,9.0,QR,seoul_open_data
ST-2011,24,785.0,"양천구청, 보건소 사잇길",,24.0,QR,seoul_open_data
ST-2010,20,,,,,,fallback_20
ST-201,9,143.0, 공덕역 2번출구,9.0,,LCD,seoul_open_data
ST-2009,20,,,,,,fallback_20
ST-2008,20,782.0,서남병원 후문,,20.0,QR,seoul_open_data
ST-2007,15,781.0,신정보도육교 아래,,15.0,QR,seoul_open_data
ST-2006,15,780.0,신정교 하부,,15.0,QR,seoul_open_data
ST-2005,20,779.0, 신정1동 주민센터 앞,,20.0,QR,seoul_open_data
ST-2004,20,,,,,,fallback_20
ST-2003,10,777.0,신월6차보람아파트 앞,,10.0,QR,seoul_open_data
ST-2002,15,776.0,목마공원,,15.0,QR,seoul_open_data
ST-2001,10,775.0,세종그랑시아 앞(102동),,10.0,QR,seoul_open_data
ST-2000,11,774.0,등촌역 4번 출구,,11.0,QR,seoul_open_data
ST-200,11,142.0, 아현역 4번출구 앞,11.0,,LCD,seoul_open_data
ST-20,15,114.0, 홍대입구역 8번출구 앞,,15.0,QR,seoul_open_data
ST-1999,10,773.0,"염창역 3, 4번 출구 사이",,10.0,QR,seoul_open_data
ST-1998,20,,,,,,fallback_20
ST-1997,8,771.0,목동아파트 703동 앞,,8.0,QR,seoul_open_data
ST-1996,15,770.0,목동역5번출구 교통정보센터 앞,,15.0,QR,seoul_open_data
ST-1995,20,769.0,CBS방송국 앞,,20.0,QR,seoul_open_data
ST-1994,15,768.0,목동5단지아파트 501동,,15.0,QR,seoul_open_data
ST-1993,10,767.0,신정숲속마을아파트,,10.0,QR,seoul_open_data
ST-1992,10,3221.0,서울특별시 남부교육지원청,,10.0,QR,seoul_open_data
ST-1991,20,3220.0,래미안에스티움 앞 (신풍로),,20.0,QR,seoul_open_data
ST-1990,10,3219.0,영등포역 1번출구,,10.0,QR,seoul_open_data
ST-199,10,384.0, 종로학원본원,10.0,,LCD,seoul_open_data
ST-1989,20,,,,,,fallback_20
ST-1988,20,,,,,,fallback_20
ST-1987,20,,,,,,fallback_20
ST-1986,15,3215.0,강변삼성래미안,,15.0,QR,seoul_open_data
ST-1985,10,3214.0,영등포 푸르지오 아파트 A,,10.0,QR,seoul_open_data
ST-1984,20,,,,,,fallback_20
ST-1983,10,3212.0,신풍역 6번출구,,10.0,QR,seoul_open_data
ST-1982,15,3211.0,신길 래미안 프레비뉴,,15.0,QR,seoul_open_data
ST-1981,20,,,,,,fallback_20
ST-1980,20,,,,,,fallback_20
ST-198,22,383.0, 신당역 12번 출구 뒤,22.0,,LCD,seoul_open_data
ST-1979,20,,,,,,fallback_20
ST-1978,12,3207.0,양남사거리1,,12.0,QR,seoul_open_data
ST-1977,15,3206.0,문래동 주민센터,,15.0,QR,seoul_open_data
ST-1976,10,3205.0,문래현대2차,,10.0,QR,seoul_open_data
ST-1975,10,3204.0,도림고가도로 밑,,10.0,QR,seoul_open_data
ST-1974,10,3203.0,도림동배드민턴체육관,,10.0,QR,seoul_open_data
ST-1973,15,3202.0,당산롯데캐슬프레스티지,,15.0,QR,seoul_open_data
ST-1972,9,3201.0,당산skv1센터,,9.0,QR,seoul_open_data
ST-1971,10,299.0,여의도 순복음교회,,10.0,QR,seoul_open_data
ST-1970,25,298.0,KBS 연구동 건너편,,25.0,QR,seoul_open_data
ST-197,7,382.0, 약수역 10번출구 앞,7.0,,LCD,seoul_open_data
ST-1969,10,297.0,국회3문,,10.0,QR,seoul_open_data
ST-1968,20,296.0,KT플라자 영등포점,,20.0,QR,seoul_open_data
ST-1967,10,295.0,영등포공원 분수대 앞,,10.0,QR,seoul_open_data
ST-1966,10,2826.0,가마산지하보도 옆,,10.0,QR,seoul_open_data
ST-1965,10,2825.0,초롱타운 앞,,10.0,QR,seoul_open_data
ST-1964,10,2824.0,미래사랑어린이공원 앞,,10.0,QR,seoul_open_data
ST-1963,10,2823.0,중앙유통단지 앞,,10.0,QR,seoul_open_data
ST-1962,14,2822.0,제니스스포츠 앞,,14.0,QR,seoul_open_data
ST-1961,10,2821.0,청구아파트 앞,,10.0,QR,seoul_open_data
ST-1960,10,2820.0,신세기아파트 앞,,10.0,QR,seoul_open_data
ST-196,15,381.0, 장충체육관,15.0,,LCD,seoul_open_data
ST-1959,20,2819.0,하늘숲초등학교 앞,,20.0,QR,seoul_open_data
ST-1958,14,2818.0,천왕이펜하우스3단지 앞,,14.0,QR,seoul_open_data
ST-1957,10,2817.0,천왕이펜하우스5단지 앞,,10.0,QR,seoul_open_data
ST-1956,14,2816.0,항동지구 8단지 803동옆(주차장입구),,14.0,QR,seoul_open_data
ST-1955,12,2815.0,항동지구 7단지 정문,,12.0,QR,seoul_open_data
ST-1954,10,2814.0,항동지구 10단지 1001동 앞,,10.0,QR,seoul_open_data
ST-1953,10,2813.0,항동지구 3단지 302동 앞,,10.0,QR,seoul_open_data
ST-1952,15,2812.0,항동프라자,,15.0,QR,seoul_open_data
ST-1951,20,,,,,,fallback_20
ST-1950,10,2810.0,항동지구 3단지 311동 앞,,10.0,QR,seoul_open_data
ST-195,8,380.0, CJ제일제당 앞,8.0,,LCD,seoul_open_data
ST-1949,10,2809.0,항동지구 11단지 1103동 앞,,10.0,QR,seoul_open_data
ST-1948,10,2808.0,항동지구 2단지 202동 앞,,10.0,QR,seoul_open_data
ST-1947,20,,,,,,fallback_20
ST-1946,20,,,,,,fallback_20
ST-1945,20,,,,,,fallback_20
ST-1944,10,2804.0,항동지구 6단지 602동 앞,,10.0,QR,seoul_open_data
ST-1943,20,,,,,,fallback_20
ST-1942,20,,,,,,fallback_20
ST-1941,8,1870.0,독산3동주민센터 앞,,8.0,QR,seoul_open_data
ST-1940,20,,,,,,fallback_20
ST-194,7,379.0, 서울역9번출구,7.0,,LCD,seoul_open_data
ST-1939,10,1868.0,우리은행 시흥남자동화점 앞,,10.0,QR,seoul_open_data
ST-1938,30,1867.0,대륭포스트타워6차 앞,,30.0,QR,seoul_open_data
ST-1937,10,1866.0,서울안천초등학교 옆,,10.0,QR,seoul_open_data
ST-1936,10,1865.0,금천구청앞(M빌딩),,10.0,QR,seoul_open_data
ST-1935,15,1864.0,산호시티빌 옆,,15.0,QR,seoul_open_data
ST-1934,9,1863.0,위너스 스포츠클럽 골프연습장옆,,9.0,QR,seoul_open_data
ST-1933,20,1862.0,스타즈호텔독산 빌딩 앞,,20.0,QR,seoul_open_data
ST-1932,10,1861.0,IBK기업은행 석수역 지점 앞,,10.0,QR,seoul_open_data
ST-1931,20,,,,,,fallback_20
ST-1930,20,,,,,,fallback_20
ST-193,20,,,,,,fallback_20
ST-1929,15,2545.0,국립중앙도서관(국제회의장옆),,15.0,QR,seoul_open_data
ST-1928,20,,,,,,fallback_20
ST-1927,20,,,,,,fallback_20
ST-1926,10,2542.0,신논현타워 앞,,10.0,QR,seoul_open_data
ST-1925,20,,,,,,fallback_20
ST-1924,10,2540.0,반포천 앞,,10.0,QR,seoul_open_data
ST-1923,10,2538.0,사평리근린공원,,10.0,QR,seoul_open_data
ST-1922,10,2537.0,양재역 8번출구 앞,,10.0,QR,seoul_open_data
ST-1921,20,,,,,,fallback_20
ST-1920,10,2535.0,신반포역 3번출구 뒤,,10.0,QR,seoul_open_data
ST-192,20,,,,,,fallback_20
ST-1919,20,,,,,,fallback_20
ST-1918,10,2533.0,한가람미술관 앞,,10.0,QR,seoul_open_data
ST-1917,13,2532.0,국립국악원 앞,,13.0,QR,seoul_open_data
ST-1916,20,2531.0,멤피스아파트 앞,,20.0,QR,seoul_open_data
ST-1915,15,2530.0,삼호3차아파트 앞,,15.0,QR,seoul_open_data
ST-1914,12,2529.0,우리은행 방배동지점 앞,,12.0,QR,seoul_open_data
ST-1913,20,,,,,,fallback_20
ST-1912,20,,,,,,fallback_20
ST-1911,20,,,,,,fallback_20
ST-1910,20,2525.0,반포쇼핑타운 2동 앞,,20.0,QR,seoul_open_data
ST-191,20,,,,,,fallback_20
ST-1909,15,2524.0,반포쇼핑타운 8동 앞,,15.0,QR,seoul_open_data
ST-1908,10,2523.0,뉴코아 킴스클럽 앞,,10.0,QR,seoul_open_data
ST-1907,20,,,,,,fallback_20
ST-1906,13,2521.0,서초 크로바타워 앞,,13.0,QR,seoul_open_data
ST-1905,20,2520.0,서초1교 (진흥아파트 방면),,20.0,QR,seoul_open_data
ST-1904,10,2519.0,서초2교(사임당로 방면),,10.0,QR,seoul_open_data
ST-1903,10,2518.0,서초동 현대아파트 앞,,10.0,QR,seoul_open_data
ST-1902,20,2517.0,서초그랑자이 앞,,20.0,QR,seoul_open_data
ST-1901,9,2516.0,본마을 노인복지센터 앞,,9.0,QR,seoul_open_data
ST-1900,15,2515.0,서초초등학교 후문,,15.0,QR,seoul_open_data
ST-190,20,,,,,,fallback_20
ST-19,9,118.0, 광흥창역 2번출구 앞,,9.0,QR,seoul_open_data
ST-1899,10,2514.0,사평역 2번출구,,10.0,QR,seoul_open_data
ST-1898,20,,,,,,fallback_20
ST-1897,10,2431.0,대치역 7번출구,,10.0,QR,seoul_open_data
ST-1896,10,2430.0,강남파이낸스센터앞(역삼역2번출구),,10.0,QR,seoul_open_data
ST-1895,20,,,,,,fallback_20
ST-1894,20,,,,,,fallback_20
ST-1893,10,2427.0,개포고등학교 정문앞,,10.0,QR,seoul_open_data
ST-1892,20,,,,,,fallback_20
ST-1891,20,,,,,,fallback_20
ST-1890,20,,,,,,fallback_20
ST-189,12,374.0, 청구역 2번출구 앞,12.0,,LCD,seoul_open_data
ST-1889,10,2423.0,영희초교 사거리(래미안개포루체하임),,10.0,QR,seoul_open_data
ST-1888,10,2422.0,수서동 성당 맞은편,,10.0,QR,seoul_open_data
ST-1887,20,,,,,,fallback_20
ST-1886,20,2420.0,학여울역 사거리(LG베스트샵 앞),,20.0,QR,seoul_open_data
ST-1885,13,2419.0,"봉은사역 1,2번 출구",,13.0,QR,seoul_open_data
ST-1884,10,2418.0,봉은사역 7번 출구,,10.0,QR,seoul_open_data
ST-1883,10,2417.0,선정릉 디캠프(D.CAMP)앞,,10.0,QR,seoul_open_data
ST-1882,20,,,,,,fallback_20
ST-1881,15,2415.0,한티역 롯데백화점 앞,,15.0,QR,seoul_open_data
ST-1880,20,2414.0, 도곡역 아카데미스위트 앞,,20.0,QR,seoul_open_data
ST-188,20,,,,,,fallback_20
ST-1879,20,2413.0,도곡역 1번 출구,,20.0,QR,seoul_open_data
ST-1878,10,2656.0,풍납동 아이파크 107동 앞,,10.0,QR,seoul_open_data
ST-1877,10,2657.0,송파 파인타운 11단지,,10.0,QR,seoul_open_data
ST-1876,20,2655.0,송이공원,,20.0,QR,seoul_open_data
ST-1875,20,,,,,,fallback_20
ST-1874,25,2653.0,올림픽공원사거리(선수촌아파트),,25.0,QR,seoul_open_data
ST-1873,20,,,,,,fallback_20
ST-1872,20,2651.0,경찰병원역 3번출구 앞,,20.0,QR,seoul_open_data
ST-1871,20,,,,,,fallback_20
ST-1870,20,,,,,,fallback_20
ST-187,10,372.0, 약수역 3번출구 뒤,10.0,,LCD,seoul_open_data
ST-1869,30,2648.0,헬리오시티 112동 앞,,30.0,QR,seoul_open_data
ST-1868,7,2647.0,잠실 자전거 수리센터 앞,,7.0,QR,seoul_open_data
ST-1867,15,2646.0,레이크펠리스101동앞,,15.0,QR,seoul_open_data
ST-1866,18,2639.0,석촌역 8번출구,,18.0,QR,seoul_open_data
ST-1865,20,,,,,,fallback_20
ST-1864,15,2637.0, 아시아지하보도 14번 출구,,15.0,QR,seoul_open_data
ST-1863,20,,,,,,fallback_20
ST-1862,21,2635.0,잠실새내역 1번출구,,21.0,QR,seoul_open_data
ST-1861,20,,,,,,fallback_20
ST-1860,20,2633.0,송파학사 옆,,20.0,QR,seoul_open_data
ST-186,10,371.0, 동대입구역 6번출구 뒤,,10.0,QR,seoul_open_data
ST-1859,9,2632.0,석촌고분역 2번 출구,,9.0,QR,seoul_open_data
ST-1858,15,2631.0,배명고등학교,,15.0,QR,seoul_open_data
ST-1857,12,2630.0,서울방이동 고분군,,12.0,QR,seoul_open_data
ST-1856,20,,,,,,fallback_20
ST-1855,15,2628.0,문정역 1번출구,,15.0,QR,seoul_open_data
ST-1854,20,,,,,,fallback_20
ST-1853,20,,,,,,fallback_20
ST-1852,15,2625.0,가락종합 사회복지관,,15.0,QR,seoul_open_data
ST-1851,15,2623.0,석촌동 주민센터,,15.0,QR,seoul_open_data
ST-1850,17,1090.0,상일동역 2번출구 앞,,17.0,QR,seoul_open_data
ST-185,24,370.0, 시청역(2호선) 9번출구 뒤,,24.0,QR,seoul_open_data
ST-1849,20,,,,,,fallback_20
ST-1848,20,,,,,,fallback_20
ST-1847,20,,,,,,fallback_20
ST-1846,10,1086.0,래미안 솔베뉴(구천면로),,10.0,QR,seoul_open_data
ST-1845,20,1085.0,래미안 솔베뉴(고덕로),,20.0,QR,seoul_open_data
ST-1844,20,,,,,,fallback_20
ST-1843,20,,,,,,fallback_20
ST-1842,20,1081.0,트레빌빌딩,,20.0,QR,seoul_open_data
ST-1841,10,1080.0,엘웨딩,,10.0,QR,seoul_open_data
ST-1840,10,1079.0,강일동입구교차로,,10.0,QR,seoul_open_data
ST-184,20,,,,,,fallback_20
ST-1839,25,1078.0,둔촌사거리,,25.0,QR,seoul_open_data
ST-1838,15,1077.0,강동역 1번출구 앞,,15.0,QR,seoul_open_data
ST-1837,10,1076.0, 천동초교입구사거리 버스정류장(십자성마을 방면),,10.0,QR,seoul_open_data
ST-1836,10,1075.0,천동초교 삼거리,,10.0,QR,seoul_open_data
ST-1835,20,,,,,,fallback_20
ST-1834,7,1073.0, SSTS 몰 앞,,7.0,QR,seoul_open_data
ST-1833,22,1072.0,고덕역 5번출구,,22.0,QR,seoul_open_data
ST-1832,20,,,,,,fallback_20
ST-1831,20,,,,,,fallback_20
ST-1830,20,,,,,,fallback_20
ST-183,14,348.0, 독립문역 사거리,14.0,,LCD,seoul_open_data
ST-1829,15,3432.0,종로2가 사거리,,15.0,QR,seoul_open_data
ST-1828,10,3431.0,로제우스 레포츠센터,,10.0,QR,seoul_open_data
ST-1827,20,,,,,,fallback_20
ST-1826,10,3429.0,HW컨벤션센터 앞,,10.0,QR,seoul_open_data
ST-1825,10,3428.0,서울미술관,,10.0,QR,seoul_open_data
ST-1824,8,3427.0,인왕산 아이파크 정문,,8.0,QR,seoul_open_data
ST-1823,10,3426.0,독립문역 2번출구 뒤,,10.0,QR,seoul_open_data
ST-1822,7,3425.0,광화문 풍림스페이스본 1단지앞,,7.0,QR,seoul_open_data
ST-1821,20,,,,,,fallback_20
ST-1820,20,,,,,,fallback_20
ST-182,20,,,,,,fallback_20
ST-1819,23,3422.0,성균관대 정문,,23.0,QR,seoul_open_data
ST-1818,10,3421.0,혜화역 1번출구,,10.0,QR,seoul_open_data
ST-1817,10,3420.0, 성균관대입구 사거리 B,,10.0,QR,seoul_open_data
ST-1816,14,3419.0,국립어린이과학관,,14.0,QR,seoul_open_data
ST-1815,10,3418.0,창신역2번 출구,,10.0,QR,seoul_open_data
ST-1814,12,3417.0,창신3동주민센터,,12.0,QR,seoul_open_data
ST-1813,15,3416.0,동묘앞역 6번출구,,15.0,QR,seoul_open_data
ST-1812,15,3415.0,동대문역6번출구,,15.0,QR,seoul_open_data
ST-1811,10,3414.0,종로5가역 4번출구,,10.0,QR,seoul_open_data
ST-1810,22,3413.0,종로플레이스,,22.0,QR,seoul_open_data
ST-181,15,368.0, SK 서린빌딩 앞,,15.0,QR,seoul_open_data
ST-1809,15,3412.0,세운상가,,15.0,QR,seoul_open_data
ST-1808,10,3411.0,종묘,,10.0,QR,seoul_open_data
ST-1807,10,3410.0,종로3가역 8번출구,,10.0,QR,seoul_open_data
ST-1806,20,,,,,,fallback_20
ST-1805,13,3408.0,종로타워빌딩,,13.0,QR,seoul_open_data
ST-1804,18,3407.0,안국동사거리(신),,18.0,QR,seoul_open_data
ST-1803,20,,,,,,fallback_20
ST-1802,10,3405.0,파크팰리스,,10.0,QR,seoul_open_data
ST-1801,9,3404.0,서울특별시 중부교육지원청,,9.0,QR,seoul_open_data
ST-1800,20,,,,,,fallback_20
ST-180,13,367.0, 독립문역 3-1번출구,,13.0,QR,seoul_open_data
ST-18,25,113.0, 홍대입구역 2번출구 앞,,25.0,QR,seoul_open_data
ST-1799,10,3402.0,이화공영주차장,,10.0,QR,seoul_open_data
ST-1798,10,3401.0,창신두산아파트,,10.0,QR,seoul_open_data
ST-1797,10,2645.0,잠실나들목2(엘스아파트136동),,10.0,QR,seoul_open_data
ST-1796,10,2644.0, 성내5교,,10.0,QR,seoul_open_data
ST-1795,10,2643.0,풍납중학교 측면,,10.0,QR,seoul_open_data
ST-1794,12,2642.0,마천동 성내천 쉼터,,12.0,QR,seoul_open_data
ST-1793,15,2641.0,송파역 4번출구,,15.0,QR,seoul_open_data
ST-1792,20,,,,,,fallback_20
ST-1791,10,485.0,서울역5번출구,,10.0,QR,seoul_open_data
ST-1790,20,,,,,,fallback_20
ST-179,20,,,,,,fallback_20
ST-1789,12,483.0,남산타운아파트 버스정류장,,12.0,QR,seoul_open_data
ST-1788,20,,,,,,fallback_20
ST-1787,20,,,,,,fallback_20
ST-1786,8,480.0,약수역 6번 출구,,8.0,QR,seoul_open_data
ST-1785,8,479.0,동대입구역 3번 출구,,8.0,QR,seoul_open_data
ST-1784,20,,,,,,fallback_20
ST-1783,10,477.0,앰배서더 호텔 주변,,10.0,QR,seoul_open_data
ST-1782,10,476.0,광희문,,10.0,QR,seoul_open_data
ST-1781,21,475.0,DDP 패션몰,,21.0,QR,seoul_open_data
ST-1780,40,474.0,동대문역사문화공원역 1번출구 뒤편,,40.0,QR,seoul_open_data
ST-178,8,364.0, 창신역 1번출구 앞,,8.0,QR,seoul_open_data
ST-1779,20,473.0,을지로4가역 9번출구,,20.0,QR,seoul_open_data
ST-1778,12,472.0,삼일교(시그니쳐 타워),,12.0,QR,seoul_open_data
ST-1777,10,471.0,회현사거리 남측,,10.0,QR,seoul_open_data
ST-1776,13,470.0,회현역 7번출구,,13.0,QR,seoul_open_data
ST-1775,11,469.0,회현역 1번출구,,11.0,QR,seoul_open_data
ST-1774,8,468.0,웨스틴 조선호텔,,8.0,QR,seoul_open_data
ST-1773,11,467.0,한국은행,,11.0,QR,seoul_open_data
ST-1772,13,466.0,롯데호텔,,13.0,QR,seoul_open_data
ST-1771,15,445.0,대한상공회의소,,15.0,QR,seoul_open_data
ST-1770,20,,,,,,fallback_20
ST-177,13,363.0, 신설동역 11번출구 뒤,13.0,,LCD,seoul_open_data
ST-1769,9,443.0,호암아트홀,,9.0,QR,seoul_open_data
ST-1768,13,442.0,서울역 서부,,13.0,QR,seoul_open_data
ST-1767,20,,,,,,fallback_20
ST-1766,10,1067.0,한영중고앞사거리,,10.0,QR,seoul_open_data
ST-1765,20,,,,,,fallback_20
ST-1764,20,,,,,,fallback_20
ST-1763,20,,,,,,fallback_20
ST-1762,20,,,,,,fallback_20
ST-1761,15,441.0,염천교사거리,,15.0,QR,seoul_open_data
ST-1760,15,3543.0, 세종대학교(학술정보원),15.0,,LCD,seoul_open_data
ST-176,10,362.0, 청계8가 사거리 A,10.0,,LCD,seoul_open_data
ST-1759,5,465.0, 삼청공원 앞,5.0,,LCD,seoul_open_data
ST-1758,10,664.0, 서울시립대 건설공학관,10.0,,LCD,seoul_open_data
ST-1757,10,2185.0, 대학동 고시촌,10.0,,LCD,seoul_open_data
ST-1756,10,464.0, 삼청동 골목,,10.0,QR,seoul_open_data
ST-1755,20,,,,,,fallback_20
ST-1754,15,440.0, 하늘공원 입구,15.0,,LCD,seoul_open_data
ST-1753,30,2801.0, 대륭포스트타워1차,30.0,,LCD,seoul_open_data
ST-1752,20,,,,,,fallback_20
ST-1751,20,,,,,,fallback_20
ST-1750,20,,,,,,fallback_20
ST-175,10,361.0, 동묘앞역 1번출구 뒤,10.0,,LCD,seoul_open_data
ST-1749,20,,,,,,fallback_20
ST-1748,20,,,,,,fallback_20
ST-1747,20,,,,,,fallback_20
ST-1746,20,,,,,,fallback_20
ST-1745,7,1376.0, 한국과학기술연구원 중문,,7.0,QR,seoul_open_data
ST-1744,20,,,,,,fallback_20
ST-1743,20,,,,,,fallback_20
ST-1742,10,2071.0, 대림아파트 후문 상가 옆,10.0,,LCD,seoul_open_data
ST-1741,20,,,,,,fallback_20
ST-1740,20,,,,,,fallback_20
ST-174,8,359.0, 원남동사거리,8.0,,LCD,seoul_open_data
ST-1739,10,2511.0, 이수역 6번출구 앞,10.0,,LCD,seoul_open_data
ST-1736,15,766.0, 신목동역 3번출구,15.0,,LCD,seoul_open_data
ST-1735,8,2510.0, JW타워,8.0,,LCD,seoul_open_data
ST-1734,13,1859.0, 대륭테크노타운 18차,13.0,,LCD,seoul_open_data
ST-1733,15,2000.0, 신도림4차 e편한세상 아파트 1109동 앞,15.0,,LCD,seoul_open_data
ST-1732,10,1999.0, 수궁동 성당 주변,10.0,,LCD,seoul_open_data
ST-1731,12,765.0, 오목교역 3번출구,12.0,,LCD,seoul_open_data
ST-1730,12,2620.0, 송파나루역 4번 출구옆,12.0,,LCD,seoul_open_data
ST-173,13,358.0,성균관대입구 사거리 A,,13.0,QR,seoul_open_data
ST-1729,9,2619.0, 석촌고분역 4번출구,,9.0,QR,seoul_open_data
ST-1728,14,2618.0, 삼전역 1번출구,14.0,,LCD,seoul_open_data
ST-1727,20,2702.0, 마곡 엠밸리2단지,20.0,,LCD,seoul_open_data
ST-1726,20,,,,,,fallback_20
ST-1725,20,,,,,,fallback_20
ST-1724,20,,,,,,fallback_20
ST-1723,20,1375.0, 생명의 전화 종합복지관 앞 교차로,20.0,,LCD,seoul_open_data
ST-1722,17,3542.0, 래미안 구의파크 스위트,17.0,,LCD,seoul_open_data
ST-1721,15,846.0, 용산중학교,15.0,,LCD,seoul_open_data
ST-1720,20,2622.0, 올림픽공원역 3번출구,20.0,,LCD,seoul_open_data
ST-172,15,356.0, KT혜화지사 앞,,15.0,QR,seoul_open_data
ST-1719,15,2621.0, 한성백제역 2번 출구,15.0,,LCD,seoul_open_data
ST-1718,26,2701.0, 마곡나루역 5번출구 뒤편,26.0,,LCD,seoul_open_data
ST-1717,20,,,,,,fallback_20
ST-1716,20,,,,,,fallback_20
ST-1715,31,1198.0, LG 사이언스파크,31.0,,LCD,seoul_open_data
ST-1714,20,1197.0, 엠펠리체 호텔 건너편,20.0,,LCD,seoul_open_data
ST-1713,11,1196.0, 서울식물원(문화센터) 건너편,,11.0,QR,seoul_open_data
ST-1712,24,1195.0, 코오롱One&Only타워,24.0,,LCD,seoul_open_data
ST-1711,20,,,,,,fallback_20
ST-1710,20,1192.0, 마곡수명산파크 209동 건너편,,20.0,QR,seoul_open_data
ST-171,15,355.0,서울사대부설초등학교 앞,,15.0,QR,seoul_open_data
ST-1709,14,1190.0, 마곡역 교차로(2번출구),14.0,,LCD,seoul_open_data
ST-1708,8,1188.0, 롯데중앙연구소,8.0,,LCD,seoul_open_data
ST-1707,15,2615.0, 테라타워2,15.0,,LCD,seoul_open_data
ST-1706,20,,,,,,fallback_20
ST-1705,18,2613.0, 잠실나들목,18.0,,LCD,seoul_open_data
ST-1704,20,,,,,,fallback_20
ST-1703,20,,,,,,fallback_20
ST-1702,10,2184.0, 구암초등학교 버스정류장,10.0,,LCD,seoul_open_data
ST-1701,15,293.0, 충북 미래관,15.0,,LCD,seoul_open_data
ST-1700,10,292.0, 영일 어린이공원,10.0,,LCD,seoul_open_data
ST-170,10,354.0, 포르투갈 대사관 앞,,10.0,QR,seoul_open_data
ST-17,23,117.0, 홍은사거리,,23.0,QR,seoul_open_data
ST-1699,14,291.0, 문래동 하이테크 시티,14.0,,LCD,seoul_open_data
ST-1698,12,290.0,새말소공원,12.0,,LCD,seoul_open_data
ST-1697,10,289.0, 대림3동사거리,10.0,,LCD,seoul_open_data
ST-1696,23,1998.0, 고척교 교차로,23.0,,LCD,seoul_open_data
ST-1695,10,1200.0, 개화광역환승센터,10.0,,LCD,seoul_open_data
ST-1694,13,1199.0, 우장산역 3번출구,13.0,,LCD,seoul_open_data
ST-1693,20,,,,,,fallback_20
ST-1692,15,438.0, 성산2-1 공영주차장,15.0,,LCD,seoul_open_data
ST-1691,12,437.0, 대흥역1번출구,12.0,,LCD,seoul_open_data
ST-1690,20,,,,,,fallback_20
ST-169,8,353.0, 재동초교 앞 삼거리,8.0,,LCD,seoul_open_data
ST-1689,13,1191.0," 마곡역 버스정류장(마곡나루역1번출구, 웰튼병원 방면)",13.0,,LCD,seoul_open_data
ST-1688,51,1193.0, 마곡센트럴타워 1차,15.0,36.0,"LCD,QR",seoul_open_data
ST-1687,20,1084.0, 윤선생빌딩(JYP사옥),,20.0,QR,seoul_open_data
ST-1686,20,,,,,,fallback_20
ST-1685,20,,,,,,fallback_20
ST-1684,7,2611.0, 송파지역자활센터 뒤,7.0,,LCD,seoul_open_data
ST-1683,20,,,,,,fallback_20
ST-1682,10,2609.0, 보성중고등학교 후문 앞,10.0,,LCD,seoul_open_data
ST-1681,10,2608.0, 송파구청,,10.0,QR,seoul_open_data
ST-1680,10,2410.0, 포스코피앤에스타워 (역삼역 3번출구 부근),,10.0,QR,seoul_open_data
ST-168,10,352.0, 중앙고입구 삼거리,10.0,,LCD,seoul_open_data
ST-1679,20,2409.0, 역삼동 디오슈페리움 (우성아파트 사거리),20.0,,LCD,seoul_open_data
ST-1678,20,,,,,,fallback_20
ST-1677,10,288.0, 쌍용예가(구청별관),10.0,,LCD,seoul_open_data
ST-1676,15,1187.0, 강서수산물도매시장,15.0,,LCD,seoul_open_data
ST-1675,10,436.0, 이대역 5번출구,10.0,,LCD,seoul_open_data
ST-1674,20,971.0, 역촌 센트레빌 아파트,20.0,,LCD,seoul_open_data
ST-1673,20,,,,,,fallback_20
ST-1672,10,1692.0, 온곡초교 교차로,10.0,,LCD,seoul_open_data
ST-1671,10,663.0,외대앞역 3번출구,10.0,,LCD,seoul_open_data
ST-1670,10,435.0, SK 남산빌딩,10.0,,LCD,seoul_open_data
ST-167,5,351.0, 청운초교 앞 삼거리,5.0,,LCD,seoul_open_data
ST-1669,10,434.0, 신당 래미안 버스정류장,10.0,,LCD,seoul_open_data
ST-1668,12,433.0, 을지로입구역 2번출구,12.0,,LCD,seoul_open_data
ST-1667,7,2069.0, 숭실대 입구역3번 출구 앞,7.0,,LCD,seoul_open_data
ST-1665,20,,,,,,fallback_20
ST-1664,15,3537.0, 아차산 휴먼시아 아파트 옆,15.0,,LCD,seoul_open_data
ST-1663,10,3536.0, 중앙농협(자양동),10.0,,LCD,seoul_open_data
ST-1662,20,,,,,,fallback_20
ST-1661,12,3534.0, 건대입구역 5번출구 뒤,12.0,,LCD,seoul_open_data
ST-1660,10,3533.0, 건대입구역 사거리(롯데백화점),10.0,,LCD,seoul_open_data
ST-166,20,,,,,,fallback_20
ST-1659,20,,,,,,fallback_20
ST-1658,20,,,,,,fallback_20
ST-1657,15,2606.0, 위례동주민센터 맞은편 근린공원,15.0,,LCD,seoul_open_data
ST-1656,15,2605.0, 복정역 1번 출구 앞,15.0,,LCD,seoul_open_data
ST-1655,16,2509.0, 심산기념문화센터,,16.0,QR,seoul_open_data
ST-1654,20,,,,,,fallback_20
ST-1653,10,287.0, 영등포전화국사거리 (서강어린이공원),10.0,,LCD,seoul_open_data
ST-1652,12,286.0, 우성아파트 교차로,12.0,,LCD,seoul_open_data
ST-1651,14,285.0,콤텍시스템 앞,14.0,,LCD,seoul_open_data
ST-1650,16,284.0, 센트럴 푸르지오 시티 앞,16.0,,LCD,seoul_open_data
ST-165,5,349.0,어린이도서관,5.0,,LCD,seoul_open_data
ST-1649,15,283.0, 아크로타워 스퀘어(영등포시장),15.0,,LCD,seoul_open_data
ST-1648,10,1858.0, 500번·507번 버스 종점 앞,10.0,,LCD,seoul_open_data
ST-1647,15,1186.0, 송정중학교,15.0,,LCD,seoul_open_data
ST-1646,20,1185.0, 등촌9단지,,20.0,QR,seoul_open_data
ST-1645,26,1184.0, 마곡13단지,26.0,,LCD,seoul_open_data
ST-1644,20,,,,,,fallback_20
ST-1643,20,,,,,,fallback_20
ST-1642,20,,,,,,fallback_20
ST-1641,20,,,,,,fallback_20
ST-1640,20,,,,,,fallback_20
ST-164,20,,,,,,fallback_20
ST-1639,20,,,,,,fallback_20
ST-1638,20,1741.0, 제일강산수산입구,20.0,,LCD,seoul_open_data
ST-1637,8,1373.0, 성북구보건소 건너편,,8.0,QR,seoul_open_data
ST-1636,20,1372.0, KEB은행 고대점,,20.0,QR,seoul_open_data
ST-1635,20,,,,,,fallback_20
ST-1634,10,1370.0, 복자사랑 피정의 집,10.0,,LCD,seoul_open_data
ST-1633,20,,,,,,fallback_20
ST-1632,20,,,,,,fallback_20
ST-1631,20,,,,,,fallback_20
ST-1630,20,,,,,,fallback_20
ST-163,18,347.0, 동대문역사문화공원역 9번출구 앞,,18.0,QR,seoul_open_data
ST-1629,13,657.0, 동대문롯데캐슬아파트 앞,13.0,,LCD,seoul_open_data
ST-1628,20,,,,,,fallback_20
ST-1627,10,2604.0, 풍납토성 서성벽터A,10.0,,LCD,seoul_open_data
ST-1626,15,1059.0, 래미안 강동팰리스(102동),15.0,,LCD,seoul_open_data
ST-1625,15,661.0, 경희대학교 청운관,15.0,,LCD,seoul_open_data
ST-1623,20,,,,,,fallback_20
ST-1622,20,,,,,,fallback_20
ST-1621,20,,,,,,fallback_20
ST-1620,6,1060.0, 천일초교 사거리,6.0,,LCD,seoul_open_data
ST-162,10,346.0, 맥스타일 앞,,10.0,QR,seoul_open_data
ST-1619,10,461.0, 서울지방경찰청,10.0,,LCD,seoul_open_data
ST-1618,9,3532.0, 왕십리KCC스위첸아파트,9.0,,LCD,seoul_open_data
ST-1617,10,3531.0, 논골사거리(금호도서관 입구),10.0,,LCD,seoul_open_data
ST-1616,10,3530.0, 왕십리자이아파트 후문(삼거리),10.0,,LCD,seoul_open_data
ST-1615,16,845.0, 용산 선인상가,16.0,,LCD,seoul_open_data
ST-1614,20,,,,,,fallback_20
ST-1613,20,,,,,,fallback_20
ST-1612,20,,,,,,fallback_20
ST-1611,21,458.0, 광화문역 5번출구,21.0,,LCD,seoul_open_data
ST-1610,10,457.0, 종로꽃시장 입구 옆,10.0,,LCD,seoul_open_data
ST-161,18,345.0, 서울보증보험본사 앞,,18.0,QR,seoul_open_data
ST-1609,10,456.0, 숭인2동 주민센터 입구,10.0,,LCD,seoul_open_data
ST-1608,8,455.0, 종로6가역 버스정류장(동대문 방향),8.0,,LCD,seoul_open_data
ST-1607,13,454.0, 종로2가 버스정류장 (종각방향),,13.0,QR,seoul_open_data
ST-1606,10,453.0, 종로오가 지하쇼핑센터 14번출구,10.0,,LCD,seoul_open_data
ST-1605,13,452.0, 동대문 종합시장 버스정류장,,13.0,QR,seoul_open_data
ST-1604,20,,,,,,fallback_20
ST-1603,15,3529.0, 어린이대공원정문,15.0,,LCD,seoul_open_data
ST-1602,8,3528.0, 광진정보도서관,8.0,,LCD,seoul_open_data
ST-1601,5,3527.0, 왕십리 자이아파트(101동 앞),5.0,,LCD,seoul_open_data
ST-1600,20,,,,,,fallback_20
ST-160,10,344.0, 성균관대 E하우스 앞,,10.0,QR,seoul_open_data
ST-16,20,,,,,,fallback_20
ST-1599,15,3525.0, 금호스포츠센터앞,15.0,,LCD,seoul_open_data
ST-1598,20,,,,,,fallback_20
ST-1597,20,,,,,,fallback_20
ST-1596,20,,,,,,fallback_20
ST-1595,20,,,,,,fallback_20
ST-1594,20,,,,,,fallback_20
ST-1593,20,,,,,,fallback_20
ST-1592,10,2603.0, 송파 글마루 도서관,10.0,,LCD,seoul_open_data
ST-1591,20,,,,,,fallback_20
ST-1590,16,2601.0, 석촌호수 아뜰리에,16.0,,LCD,seoul_open_data
ST-159,6,343.0,힐스테이트창경궁 아파트 앞,,6.0,QR,seoul_open_data
ST-1589,15,1300.0, 오륜사거리,15.0,,LCD,seoul_open_data
ST-1588,20,,,,,,fallback_20
ST-1587,20,,,,,,fallback_20
ST-1586,15,1297.0, 석촌호수교차로(동호 팔각정 앞),15.0,,LCD,seoul_open_data
ST-1585,10,1296.0, 석촌호수교차로 (송파나루근린공원 앞),10.0,,LCD,seoul_open_data
ST-1584,25,1295.0, 잠실역 8번출구,25.0,,LCD,seoul_open_data
ST-1583,20,,,,,,fallback_20
ST-1582,14,1293.0, 석촌호수 서호 사거리,14.0,,LCD,seoul_open_data
ST-1581,20,,,,,,fallback_20
ST-1580,10,1291.0, 서울체육고등학교 앞,10.0,,LCD,seoul_open_data
ST-158,22,342.0, 대학로 마로니에공원,,22.0,QR,seoul_open_data
ST-1579,20,,,,,,fallback_20
ST-1578,14,2408.0, 강남한양수자인아파트,14.0,,LCD,seoul_open_data
ST-1577,10,2407.0, 역삼서초삼성 세무서 앞 (역삼빌딩 앞,10.0,,LCD,seoul_open_data
ST-1576,10,2406.0, 논현동 광명빌딩 앞,10.0,,LCD,seoul_open_data
ST-1575,14,2405.0, 청담공원앞 교차로,14.0,,LCD,seoul_open_data
ST-1574,10,2404.0, 대모산입구역 4번 출구 앞,10.0,,LCD,seoul_open_data
ST-1573,10,2403.0, 공무원연금매점 교차로 (개포주공9단지 입구),10.0,,LCD,seoul_open_data
ST-1572,20,,,,,,fallback_20
ST-1571,10,2401.0, 밀알학교 입구 (삼성서울병원 입구),10.0,,LCD,seoul_open_data
ST-1570,20,,,,,,fallback_20
ST-157,8,341.0, 혜화역 3번출구 뒤,,8.0,QR,seoul_open_data
ST-1569,20,,,,,,fallback_20
ST-1568,10,2398.0, 더라움,10.0,,LCD,seoul_open_data
ST-1567,20,,,,,,fallback_20
ST-1566,15,2396.0, 영동3교 북단(우성캐릭터 앞 보도),15.0,,LCD,seoul_open_data
ST-1565,20,,,,,,fallback_20
ST-1564,10,2394.0, 개포래미안포레스트아파트 107동 앞,,10.0,QR,seoul_open_data
ST-1563,20,,,,,,fallback_20
ST-1562,20,,,,,,fallback_20
ST-1561,20,,,,,,fallback_20
ST-1560,13,2390.0, 구룡마을 입구 (래미안블레스티지 아파트),10.0,3.0,"LCD,QR",seoul_open_data
ST-156,8,340.0, 혜화동 로터리,,8.0,QR,seoul_open_data
ST-1559,15,2389.0, 경기여자고등학교 후문 (삼성로3길 입구),15.0,,LCD,seoul_open_data
ST-1558,20,,,,,,fallback_20
ST-1557,10,2506.0, LG유플러스 (방배사옥),10.0,,LCD,seoul_open_data
ST-1556,12,2505.0, 우성아파트사거리 (기업은행앞),12.0,,LCD,seoul_open_data
ST-1555,10,2504.0, 신사역 4번출구 뒤,,10.0,QR,seoul_open_data
ST-1554,10,2503.0, 반포1동 서초빌딩 앞,10.0,,LCD,seoul_open_data
ST-1553,9,2502.0, 서초역1번출구 앞,9.0,,LCD,seoul_open_data
ST-1552,20,,,,,,fallback_20
ST-1551,20,,,,,,fallback_20
ST-1550,20,,,,,,fallback_20
ST-155,10,339.0, 종로4가 사거리,,10.0,QR,seoul_open_data
ST-1549,20,,,,,,fallback_20
ST-1548,7,2179.0, 양녕로 입구,7.0,,LCD,seoul_open_data
ST-1547,20,2178.0, 서울대학교 정문,20.0,,LCD,seoul_open_data
ST-1546,20,,,,,,fallback_20
ST-1545,18,2070.0, 노량진역 2번 출구 앞,18.0,,LCD,seoul_open_data
ST-1544,8,2068.0, 총신대 앞(육교),8.0,,LCD,seoul_open_data
ST-1543,10,2067.0, 보라매역?동작세무서 버스정류장(강남중학교방면),10.0,,LCD,seoul_open_data
ST-1542,10,2066.0, 양문교회 앞,10.0,,LCD,seoul_open_data
ST-1541,10,282.0, 신한은행 대림동지점,10.0,,LCD,seoul_open_data
ST-1540,8,281.0,대림신동아아파트 앞,8.0,,LCD,seoul_open_data
ST-154,18,338.0,세운스퀘어 앞,,18.0,QR,seoul_open_data
ST-1539,10,280.0, 양평동6차현대아파트 앞,10.0,,LCD,seoul_open_data
ST-1538,10,1857.0, 주공14단지,,10.0,QR,seoul_open_data
ST-1537,10,1856.0, 모두의학교,10.0,,LCD,seoul_open_data
ST-1536,10,1855.0, 성지아파트 옆 도로변,10.0,,LCD,seoul_open_data
ST-1535,10,1854.0, 가산아네스트 오피스텔 앞,10.0,,LCD,seoul_open_data
ST-1534,10,1853.0, 서울디자인직업전문학교 앞,10.0,,LCD,seoul_open_data
ST-1533,20,,,,,,fallback_20
ST-1532,20,,,,,,fallback_20
ST-1531,20,1996.0, 구일역 1번 출입구 앞,20.0,,LCD,seoul_open_data
ST-1530,20,,,,,,fallback_20
ST-153,5,337.0, 창경궁 입구,,5.0,QR,seoul_open_data
ST-1529,10,1994.0, 삼성전자 물류센터 앞,10.0,,LCD,seoul_open_data
ST-1528,10,1993.0, 금강수목원아파트 앞,10.0,,LCD,seoul_open_data
ST-1527,12,1992.0, 구로구배드민턴실내체육관 앞,12.0,,LCD,seoul_open_data
ST-1526,13,1991.0, 오류동역 맞은편,13.0,,LCD,seoul_open_data
ST-1525,20,,,,,,fallback_20
ST-1524,20,,,,,,fallback_20
ST-1523,20,1988.0, 고척LIGA아파트 앞,20.0,,LCD,seoul_open_data
ST-1522,15,1987.0, 개봉아이파크아파트 앞,15.0,,LCD,seoul_open_data
ST-1521,15,1986.0, 태평양물산빌딩,15.0,,LCD,seoul_open_data
ST-1520,10,1183.0, KC 대학교,10.0,,LCD,seoul_open_data
ST-152,8,336.0, 충무로역 6번출구 앞,,8.0,QR,seoul_open_data
ST-1519,20,1182.0, KBS 스포츠월드,20.0,,LCD,seoul_open_data
ST-1518,10,1181.0, 농수산식품공사 (강서지사),10.0,,LCD,seoul_open_data
ST-1517,15,1180.0, 마곡엠밸리 15단지(1502동) 건너편,15.0,,LCD,seoul_open_data
ST-1516,20,,,,,,fallback_20
ST-1515,10,1178.0, 개화산역 2번 출구,10.0,,LCD,seoul_open_data
ST-1514,15,1177.0, 수명중?고교,15.0,,LCD,seoul_open_data
ST-1513,20,,,,,,fallback_20
ST-1512,15,1175.0, 대한항공 인력개발센터,15.0,,LCD,seoul_open_data
ST-1511,9,1174.0, 강서구청사거리(부민병원),9.0,,LCD,seoul_open_data
ST-1510,15,1173.0, 강서구청사거리(SH타워),15.0,,LCD,seoul_open_data
ST-151,10,335.0, 종로3가역 15번출구 앞,,10.0,QR,seoul_open_data
ST-1509,8,1172.0, 가양3동 주민센터,8.0,,LCD,seoul_open_data
ST-1508,8,1171.0, 염창동 새마을금고 건너편,8.0,,LCD,seoul_open_data
ST-1507,11,1170.0, 강서구보건소,11.0,,LCD,seoul_open_data
ST-1506,8,1169.0, 염창역 1번 출구,8.0,,LCD,seoul_open_data
ST-1505,20,,,,,,fallback_20
ST-1504,10,763.0, 목동11단지 아파트,10.0,,LCD,seoul_open_data
ST-1503,10,762.0, 오목로 무중력지대 앞,10.0,,LCD,seoul_open_data
ST-1502,20,,,,,,fallback_20
ST-1501,10,760.0, 잣절보도육교 아래,10.0,,LCD,seoul_open_data
ST-1500,10,759.0, 보아스아파트 앞,10.0,,LCD,seoul_open_data
ST-150,10,334.0, 종로3가역 2번출구 뒤,,10.0,QR,seoul_open_data
ST-15,10,111.0, 상수역 2번출구 앞,,10.0,QR,seoul_open_data
ST-1499,13,758.0, 한사랑교회 앞,13.0,,LCD,seoul_open_data
ST-1498,10,757.0, 신정이펜하우스 1단지아파트 입구 사거리,10.0,,LCD,seoul_open_data
ST-1497,15,756.0, 목동주차장,15.0,,LCD,seoul_open_data
ST-1496,10,755.0, 목동1단지아파트 상가 앞,10.0,,LCD,seoul_open_data
ST-1495,10,754.0, 목동1단지아파트 118동 앞,10.0,,LCD,seoul_open_data
ST-1494,10,432.0, 마포중앙도서관,10.0,,LCD,seoul_open_data
ST-1493,9,3105.0, 홍은센트레빌 아파트 앞,9.0,,LCD,seoul_open_data
ST-1492,13,3104.0, e편한세상 신촌4단지 앞,13.0,,LCD,seoul_open_data
ST-1491,8,3103.0, 홍제삼거리 북측,8.0,,LCD,seoul_open_data
ST-1490,20,,,,,,fallback_20
ST-149,20,,,,,,fallback_20
ST-1489,20,,,,,,fallback_20
ST-1488,13,967.0, 서울혁신파크2,13.0,,LCD,seoul_open_data
ST-1487,10,966.0, 서울혁신파크1,10.0,,LCD,seoul_open_data
ST-1486,10,965.0, 서울특별시 은평병원,10.0,,LCD,seoul_open_data
ST-1485,10,964.0, 북한산힐스테이트 7차아파트,10.0,,LCD,seoul_open_data
ST-1484,13,963.0, 대호프라자아파트,13.0,,LCD,seoul_open_data
ST-1483,10,962.0, 은평뉴타운 힐데스하임,10.0,,LCD,seoul_open_data
ST-1482,20,,,,,,fallback_20
ST-1481,15,960.0, 구파발역 환승센터,15.0,,LCD,seoul_open_data
ST-1480,10,959.0, 구파발10단지 인근,10.0,,LCD,seoul_open_data
ST-148,5,332.0, 을지로2가 사거리 남측,,5.0,QR,seoul_open_data
ST-1479,13,958.0, 본 서부병원 버스정류장(은평 세무서 방면),13.0,,LCD,seoul_open_data
ST-1478,20,,,,,,fallback_20
ST-1477,20,,,,,,fallback_20
ST-1476,15,1686.0, 상계주공10단지 종합상가 앞,15.0,,LCD,seoul_open_data
ST-1475,8,1685.0, 불암고등학교 앞 횡단보도,8.0,,LCD,seoul_open_data
ST-1474,20,1684.0, 태릉입구역 5번출구,20.0,,LCD,seoul_open_data
ST-1473,20,,,,,,fallback_20
ST-1472,20,,,,,,fallback_20
ST-1471,20,,,,,,fallback_20
ST-1470,10,1738.0, 창동주공17단지 상가앞,10.0,,LCD,seoul_open_data
ST-147,10,331.0, 을지로2가 사거리 북측,,10.0,QR,seoul_open_data
ST-1469,10,1737.0, 신창시장,10.0,,LCD,seoul_open_data
ST-1468,12,1736.0, 버스정류장 앞,12.0,,LCD,seoul_open_data
ST-1467,20,,,,,,fallback_20
ST-1466,20,,,,,,fallback_20
ST-1465,20,,,,,,fallback_20
ST-1464,20,,,,,,fallback_20
ST-1463,20,,,,,,fallback_20
ST-1462,8,1730.0, 도봉산역 교차로 앞,8.0,,LCD,seoul_open_data
ST-1461,10,1729.0, 도봉한신아파트 버스정류장,10.0,,LCD,seoul_open_data
ST-1460,10,1368.0, 성신여대입구 교차로,10.0,,LCD,seoul_open_data
ST-146,20,,,,,,fallback_20
ST-1459,10,1367.0, 길음문화복합미디어센터,10.0,,LCD,seoul_open_data
ST-1458,10,1366.0, 일신초등학교 옆,10.0,,LCD,seoul_open_data
ST-1457,10,1365.0, 선잠단지 앞,10.0,,LCD,seoul_open_data
ST-1456,10,1364.0, 성북동 치안센터 앞,10.0,,LCD,seoul_open_data
ST-1455,25,1363.0, 보문4교 인근,25.0,,LCD,seoul_open_data
ST-1454,12,1362.0, 보문역6번출구 앞,,12.0,QR,seoul_open_data
ST-1453,20,,,,,,fallback_20
ST-1452,10,1459.0, 용마한신아파트사거리,10.0,,LCD,seoul_open_data
ST-1451,9,1458.0, 상봉터미널2,,9.0,QR,seoul_open_data
ST-1450,20,,,,,,fallback_20
ST-145,8,329.0, 청계2가 사거리 옆,,8.0,QR,seoul_open_data
ST-1449,10,654.0, 전농동 텃골공원,10.0,,LCD,seoul_open_data
ST-1448,20,,,,,,fallback_20
ST-1447,10,652.0, 답십리 래미안엘파인아파트 입구,10.0,,LCD,seoul_open_data
ST-1446,15,844.0, 이촌2동 동원베네스트 아파트 앞,15.0,,LCD,seoul_open_data
ST-1445,19,843.0,이태원관광특구B(용산구청쪽),,19.0,QR,seoul_open_data
ST-1444,20,,,,,,fallback_20
ST-1443,30,841.0, 신용산역 1번 출구,,30.0,QR,seoul_open_data
ST-1442,10,840.0, 용산 파크타워 앞,10.0,,LCD,seoul_open_data
ST-1441,10,839.0, 보광동 삼성리버빌아파트 앞,10.0,,LCD,seoul_open_data
ST-1440,25,431.0, 청계천 영도교,,25.0,QR,seoul_open_data
ST-144,11,328.0, 탑골공원 앞,,11.0,QR,seoul_open_data
ST-1439,6,430.0, 장충동먹자골목 앞,6.0,,LCD,seoul_open_data
ST-1438,8,429.0, 송도병원,8.0,,LCD,seoul_open_data
ST-1437,10,428.0, 명보사거리,10.0,,LCD,seoul_open_data
ST-1436,15,399.0, 서울역 센트럴 자이아파트,15.0,,LCD,seoul_open_data
ST-1435,8,398.0, 을지로3가역 3번출구,8.0,,LCD,seoul_open_data
ST-1434,20,,,,,,fallback_20
ST-1433,18,2388.0, 강남구 도시관리공단,18.0,,LCD,seoul_open_data
ST-1432,13,397.0, 종묘공영주차장 건너편,13.0,,LCD,seoul_open_data
ST-143,10,327.0, 낙원상가 옆,,10.0,QR,seoul_open_data
ST-1429,10,3523.0, 건국대학교 과학관(이과대) 앞,10.0,,LCD,seoul_open_data
ST-1428,20,,,,,,fallback_20
ST-1427,10,3510.0, 중곡SK아파트앞,10.0,,LCD,seoul_open_data
ST-1426,20,,,,,,fallback_20
ST-1425,12,1681.0, 현대6차 아파트,12.0,,LCD,seoul_open_data
ST-1424,20,1361.0, 홍익중고 입구,20.0,,LCD,seoul_open_data
ST-1423,20,,,,,,fallback_20
ST-1422,10,1289.0, 풍납토성 서성벽터B,10.0,,LCD,seoul_open_data
ST-1421,15,1051.0," 강일중,선사고 버스정류장(신암중학교 방면)",15.0,,LCD,seoul_open_data
ST-1420,15,1050.0, 둔촌역 3번 출입구,15.0,,LCD,seoul_open_data
ST-142,15,326.0, 안국역 5번출구 앞,,15.0,QR,seoul_open_data
ST-1419,20,,,,,,fallback_20
ST-1418,20,,,,,,fallback_20
ST-1417,20,,,,,,fallback_20
ST-1416,10,1285.0, 위례별 유치원 뒤,10.0,,LCD,seoul_open_data
ST-1414,20,,,,,,fallback_20
ST-1413,10,1282.0, 송파소방서 맞은편(성내4교),10.0,,LCD,seoul_open_data
ST-1411,13,1280.0, 송파파크데일 2단지입구 앞 주차장,13.0,,LCD,seoul_open_data
ST-1410,10,1279.0, 마천금호어울림 1차아파트 건너편,10.0,,LCD,seoul_open_data
ST-1409,16,1278.0, 송파구청 교차로,,16.0,QR,seoul_open_data
ST-1408,20,,,,,,fallback_20
ST-1407,20,,,,,,fallback_20
ST-1406,12,2299.0, 한전아트센터 앞,12.0,,LCD,seoul_open_data
ST-1405,20,,,,,,fallback_20
ST-1404,10,2297.0, 남부터미널역 1번출구,10.0,,LCD,seoul_open_data
ST-1403,10,1851.0,가산디지털단지 9번출구 인근,10.0,,LCD,seoul_open_data
ST-1402,14,1168.0, 마곡엠밸리10단지 앞,,14.0,QR,seoul_open_data
ST-1400,10,752.0, 성원2차 아파트,10.0,,LCD,seoul_open_data
ST-140,8,324.0, 신세계백화점 본점 앞,,8.0,QR,seoul_open_data
ST-14,20,,,,,,fallback_20
ST-1398,10,750.0, 연의근린공원 건너편,10.0,,LCD,seoul_open_data
ST-1397,10,427.0, 성산시영아파트,10.0,,LCD,seoul_open_data
ST-1396,20,,,,,,fallback_20
ST-1395,20,,,,,,fallback_20
ST-1394,20,,,,,,fallback_20
ST-1392,10,1542.0, 삼양사거리역,10.0,,LCD,seoul_open_data
ST-1391,20,,,,,,fallback_20
ST-1390,8,1540.0, 가오리역,8.0,,LCD,seoul_open_data
ST-139,20,,,,,,fallback_20
ST-1389,20,,,,,,fallback_20
ST-1388,20,,,,,,fallback_20
ST-1387,10,1537.0, 북한산 우이역,10.0,,LCD,seoul_open_data
ST-1386,10,1360.0, 정릉역,10.0,,LCD,seoul_open_data
ST-1385,20,,,,,,fallback_20
ST-1384,7,1358.0, 정릉도서관 앞,7.0,,LCD,seoul_open_data
ST-1383,10,1357.0, 북한산보국문역,10.0,,LCD,seoul_open_data
ST-1381,10,1457.0, 동원사거리,10.0,,LCD,seoul_open_data
ST-1380,10,1456.0, 상아빌딩(우림시장 교차로),10.0,,LCD,seoul_open_data
ST-138,10,322.0, 명동성당 앞,,10.0,QR,seoul_open_data
ST-1379,20,,,,,,fallback_20
ST-1378,20,,,,,,fallback_20
ST-1377,20,,,,,,fallback_20
ST-1376,8,838.0, 숙대입구역 4번출구,8.0,,LCD,seoul_open_data
ST-1375,10,1455.0, 상봉역 2번 출구,10.0,,LCD,seoul_open_data
ST-1374,8,395.0, 경희궁 자이 2단지,8.0,,LCD,seoul_open_data
ST-1373,15,394.0, 경희궁 자이 3단지,,15.0,QR,seoul_open_data
ST-1372,12,393.0, 동대문역 8번 출구,12.0,,LCD,seoul_open_data
ST-1371,20,,,,,,fallback_20
ST-1370,13,1048.0, 둔촌어린이공원,13.0,,LCD,seoul_open_data
ST-137,15,321.0, KEB 하나금융그룹 명동사옥 옆,,15.0,QR,seoul_open_data
ST-1369,20,,,,,,fallback_20
ST-1367,15,1275.0, 거여초등학교 옆,15.0,,LCD,seoul_open_data
ST-1366,10,2386.0, 크린랩 본사,,10.0,QR,seoul_open_data
ST-1365,10,2385.0, 학동역,10.0,,LCD,seoul_open_data
ST-1364,15,2384.0, 자곡사거리,15.0,,LCD,seoul_open_data
ST-1361,15,2294.0, 두상빌딩 앞,15.0,,LCD,seoul_open_data
ST-1360,10,2293.0, SPC 앞,10.0,,LCD,seoul_open_data
ST-136,17,320.0, 을지로입구역 4번출구 앞,,17.0,QR,seoul_open_data
ST-1359,20,,,,,,fallback_20
ST-1357,15,2176.0, 보라매공원 보도육교,15.0,,LCD,seoul_open_data
ST-1356,10,2065.0, 서울시여성가족재단,10.0,,LCD,seoul_open_data
ST-1355,10,2064.0, 흑석한강푸르지오 106동앞,10.0,,LCD,seoul_open_data
ST-1354,20,,,,,,fallback_20
ST-1353,15,279.0,영등포 푸르지오 아파트 B,,15.0,QR,seoul_open_data
ST-1352,15,1167.0, 마곡수명산파크3단지 교차로,15.0,,LCD,seoul_open_data
ST-1351,10,1166.0, 강서구립등빛도서관,10.0,,LCD,seoul_open_data
ST-1350,10,749.0, 이대목동병원보도육교,10.0,,LCD,seoul_open_data
ST-1349,15,1677.0, 육군사관학교 앞,15.0,,LCD,seoul_open_data
ST-1348,20,,,,,,fallback_20
ST-1347,20,,,,,,fallback_20
ST-1346,20,,,,,,fallback_20
ST-1345,20,,,,,,fallback_20
ST-1344,10,837.0, 한남나들목 입구,10.0,,LCD,seoul_open_data
ST-1343,15,836.0, 현대자동차서비스 앞,15.0,,LCD,seoul_open_data
ST-1342,10,835.0, 남영역 건너편,10.0,,LCD,seoul_open_data
ST-1341,15,834.0, 효창공원앞역 3번출구 뒤,,15.0,QR,seoul_open_data
ST-134,10,318.0, 광교사거리 남측,,10.0,QR,seoul_open_data
ST-1339,20,832.0, 이촌1동 주민센터 뒤,20.0,,LCD,seoul_open_data
ST-1338,20,1165.0, 마곡중학교 후문,20.0,,LCD,seoul_open_data
ST-1337,17,2171.0, 서울대입구역 5번출구,17.0,,LCD,seoul_open_data
ST-1336,20,,,,,,fallback_20
ST-1335,25,1452.0, 겸재교 진입부,20.0,5.0,"LCD,QR",seoul_open_data
ST-1334,10,1451.0, 중랑세무서,10.0,,LCD,seoul_open_data
ST-1333,10,1450.0, 화랑대역 7번출구,10.0,,LCD,seoul_open_data
ST-1332,20,,,,,,fallback_20
ST-1331,9,956.0, 응암시장교차로,9.0,,LCD,seoul_open_data
ST-1329,10,954.0, 은평뉴타운구파발9단지,10.0,,LCD,seoul_open_data
ST-1328,20,,,,,,fallback_20
ST-1327,10,830.0,강변삼성스위트아파트 앞,10.0,,LCD,seoul_open_data
ST-1326,40,829.0,한강대교 북단 교차로,40.0,,LCD,seoul_open_data
ST-1325,7,828.0, 숙대입구역 8번,7.0,,LCD,seoul_open_data
ST-1324,14,827.0, 국군복지단,14.0,,LCD,seoul_open_data
ST-1323,10,278.0, 쌍용플레티넘오피스텔,,10.0,QR,seoul_open_data
ST-1322,20,,,,,,fallback_20
ST-1321,10,276.0, 영등포로터리2,10.0,,LCD,seoul_open_data
ST-1320,10,275.0, 신동아아파트,10.0,,LCD,seoul_open_data
ST-132,8,316.0, 종각역 1번출구 앞,,8.0,QR,seoul_open_data
ST-1319,20,,,,,,fallback_20
ST-1317,22,1354.0, 고려대학교 2번출구,22.0,,LCD,seoul_open_data
ST-1316,20,,,,,,fallback_20
ST-1315,10,2289.0, 남태령역 2번출구,10.0,,LCD,seoul_open_data
ST-1314,20,,,,,,fallback_20
ST-1313,20,,,,,,fallback_20
ST-1312,20,,,,,,fallback_20
ST-1311,20,,,,,,fallback_20
ST-1310,15,2284.0, CJ오쇼핑앞,15.0,,LCD,seoul_open_data
ST-131,20,,,,,,fallback_20
ST-1309,10,2283.0, 그룹한빌딩옆,10.0,,LCD,seoul_open_data
ST-1308,20,,,,,,fallback_20
ST-1307,7,2281.0, 연세사랑병원신관앞,7.0,,LCD,seoul_open_data
ST-1306,10,2280.0, 서울서초고용센터앞,10.0,,LCD,seoul_open_data
ST-1305,10,2279.0, 교대역 5번출구뒤,10.0,,LCD,seoul_open_data
ST-1303,20,,,,,,fallback_20
ST-1302,20,650.0, 중랑교사거리,20.0,,LCD,seoul_open_data
ST-1300,15,648.0, 장안동위더스빌옆,15.0,,LCD,seoul_open_data
ST-130,10,314.0, 국립현대미술관,,10.0,QR,seoul_open_data
ST-13,20,,,,,,fallback_20
ST-1299,20,,,,,,fallback_20
ST-1298,20,,,,,,fallback_20
ST-1297,20,,,,,,fallback_20
ST-1296,8,1726.0, 삼익세라믹아파트교차로,8.0,,LCD,seoul_open_data
ST-1295,20,,,,,,fallback_20
ST-1293,20,,,,,,fallback_20
ST-1292,20,,,,,,fallback_20
ST-1291,15,1674.0, 서울북부고용센터앞,15.0,,LCD,seoul_open_data
ST-1290,20,,,,,,fallback_20
ST-129,20,,,,,,fallback_20
ST-1289,20,,,,,,fallback_20
ST-1288,15,1671.0, 인덕대학교,15.0,,LCD,seoul_open_data
ST-1287,20,,,,,,fallback_20
ST-1286,9,1669.0, 중계역 3번출구,9.0,,LCD,seoul_open_data
ST-1285,10,1668.0, 중계역 6번출구,10.0,,LCD,seoul_open_data
ST-1284,20,,,,,,fallback_20
ST-1283,10,1666.0, 노원소방서인근,10.0,,LCD,seoul_open_data
ST-1282,20,,,,,,fallback_20
ST-1281,20,,,,,,fallback_20
ST-1280,25,1663.0, 동해문화예술관앞,25.0,,LCD,seoul_open_data
ST-128,20,,,,,,fallback_20
ST-1279,20,1662.0, 노원역7번출구,20.0,,LCD,seoul_open_data
ST-1278,10,1661.0, 당현천근린공원,10.0,,LCD,seoul_open_data
ST-1277,10,1850.0, 코오롱테크노밸리,10.0,,LCD,seoul_open_data
ST-1276,10,1849.0, 대륭포스트타워5차,10.0,,LCD,seoul_open_data
ST-1275,20,1985.0, 구로도서관,20.0,,LCD,seoul_open_data
ST-1274,20,,,,,,fallback_20
ST-1273,10,1983.0, 구로동롯데아파트,10.0,,LCD,seoul_open_data
ST-1271,20,,,,,,fallback_20
ST-1270,10,2175.0, 신림동걷고싶은문화의거리입구,10.0,,LCD,seoul_open_data
ST-127,20,,,,,,fallback_20
ST-1269,10,2174.0, 삼성디지털프라자관악점,10.0,,LCD,seoul_open_data
ST-1268,10,2173.0, 당곡사거리,10.0,,LCD,seoul_open_data
ST-1267,15,2172.0, 나들목공원,15.0,,LCD,seoul_open_data
ST-1266,10,3517.0, 용마사거리,10.0,,LCD,seoul_open_data
ST-1265,10,2170.0, 조원동 강남힐병원,10.0,,LCD,seoul_open_data
ST-1264,7,2169.0, 봉천역 2번출구,7.0,,LCD,seoul_open_data
ST-1263,8,3518.0, 군자역 7번출구뒤,8.0,,LCD,seoul_open_data
ST-1262,12,2167.0, 낙성대역 1번출구,12.0,,LCD,seoul_open_data
ST-1260,10,2165.0, JK장평타워,10.0,,LCD,seoul_open_data
ST-126,8,310.0, 청계광장 옆,,8.0,QR,seoul_open_data
ST-1259,8,2164.0, 관악우체국,8.0,,LCD,seoul_open_data
ST-1254,10,1163.0, 방화동강서기동대앞,10.0,,LCD,seoul_open_data
ST-1253,10,1162.0, 공항초등학교건너편,10.0,,LCD,seoul_open_data
ST-1252,10,1161.0, 강서면허시험장 앞,10.0,,LCD,seoul_open_data
ST-1251,20,1160.0, 양천향교역 7번출구앞,,20.0,QR,seoul_open_data
ST-1250,20,1159.0, 서서울모터리움 앞,20.0,,LCD,seoul_open_data
ST-125,13,309.0, 광화문역 6번출구 옆 B,,13.0,QR,seoul_open_data
ST-1249,20,1158.0, 가양역 8번출구,20.0,,LCD,seoul_open_data
ST-1248,10,2383.0, 보금자리정원,10.0,,LCD,seoul_open_data
ST-1247,6,2382.0, 역삼동 sk뷰 501동앞,6.0,,LCD,seoul_open_data
ST-1246,8,2381.0, 언주역 6번출구앞,8.0,,LCD,seoul_open_data
ST-1245,12,2380.0, 삼성동베이직하우스앞,12.0,,LCD,seoul_open_data
ST-1243,10,1981.0,천왕지구삼거리 앞,10.0,,LCD,seoul_open_data
ST-1241,10,1979.0, 구로1동우체국 앞,10.0,,LCD,seoul_open_data
ST-124,31,308.0, 광화문 S타워 앞,,31.0,QR,seoul_open_data
ST-1239,15,1977.0, 천왕역 1번 출입구 앞,15.0,,LCD,seoul_open_data
ST-1238,10,1976.0, 남구로역 5번 출입구 앞,10.0,,LCD,seoul_open_data
ST-1237,10,1975.0, 대림역 1번 출입구 밑,10.0,,LCD,seoul_open_data
ST-1236,10,1974.0, 신도림2차e편한세상아파트 203동 앞,10.0,,LCD,seoul_open_data
ST-1235,10,1973.0, 오리로와 서해안도로 교차로 앞,10.0,,LCD,seoul_open_data
ST-1233,10,1971.0, 오정초교 앞 보도육교,10.0,,LCD,seoul_open_data
ST-1231,20,,,,,,fallback_20
ST-1230,20,,,,,,fallback_20
ST-123,11,307.0, 서울역사박물관 앞,,11.0,QR,seoul_open_data
ST-1229,10,1967.0, 참새공원(백곡경노당),10.0,,LCD,seoul_open_data
ST-1228,10,1966.0, 한마을아파트 정문상가,10.0,,LCD,seoul_open_data
ST-1227,15,1965.0, 삼환로즈빌아파트 105동 옆,15.0,,LCD,seoul_open_data
ST-1226,10,1964.0, 원메디타운 앞,10.0,,LCD,seoul_open_data
ST-1225,20,,,,,,fallback_20
ST-1224,15,1962.0, 가리봉동주민센터,15.0,,LCD,seoul_open_data
ST-1223,20,,,,,,fallback_20
ST-1222,10,1960.0, 구로거리공원 동측(신도림역 방면),10.0,,LCD,seoul_open_data
ST-1221,9,1959.0,구로구의회 앞,,9.0,QR,seoul_open_data
ST-1220,15,1958.0, 강서수도사업소민원센터,15.0,,LCD,seoul_open_data
ST-122,20,,,,,,fallback_20
ST-1219,15,1957.0, 구일고등학교 정문,15.0,,LCD,seoul_open_data
ST-1218,15,1956.0, 동아1차APT105동 버스정류장(신도림중학교 방면),15.0,,LCD,seoul_open_data
ST-1217,8,1353.0, 금호어울림센터힐 내,8.0,,LCD,seoul_open_data
ST-1216,20,,,,,,fallback_20
ST-1215,8,1351.0, 안암2교 옆,8.0,,LCD,seoul_open_data
ST-1213,20,,,,,,fallback_20
ST-1212,12,1348.0, 성북제일새마을금고 본점 앞,12.0,,LCD,seoul_open_data
ST-1211,10,1347.0, 길음래미안아파트817동 상가 앞,10.0,,LCD,seoul_open_data
ST-1210,15,1346.0, 길음8골어린이공원 옆,15.0,,LCD,seoul_open_data
ST-121,16,305.0, 종로구청 옆,,16.0,QR,seoul_open_data
ST-1208,10,1344.0, 아리랑시네센터 앞,10.0,,LCD,seoul_open_data
ST-1207,8,1343.0, 한성대7번출구 앞,8.0,,LCD,seoul_open_data
ST-1206,10,1342.0, 성북쉼터 앞,10.0,,LCD,seoul_open_data
ST-1204,11,1340.0, 광운초등학교 앞,11.0,,LCD,seoul_open_data
ST-1203,9,1339.0, 삼성전자서비스 성북센터,9.0,,LCD,seoul_open_data
ST-1202,15,1338.0, 용문2교 옆,15.0,,LCD,seoul_open_data
ST-1201,13,1337.0, 돈암성당 옆,13.0,,LCD,seoul_open_data
ST-1200,30,1336.0, 성북3교 위,30.0,,LCD,seoul_open_data
ST-120,20,,,,,,fallback_20
ST-12,15,115.0, 마스타 빌딩 앞,,15.0,QR,seoul_open_data
ST-1199,20,3515.0, 서울숲 관리사무소,20.0,,LCD,seoul_open_data
ST-1198,10,3514.0, 왕십리교회옆,10.0,,LCD,seoul_open_data
ST-1197,15,3513.0, 상왕십리역 1번출구,15.0,,LCD,seoul_open_data
ST-1195,10,3511.0, 응봉역 1번출구,10.0,,LCD,seoul_open_data
ST-1194,20,3509.0, 세종사이버대학교,,20.0,QR,seoul_open_data
ST-1193,7,3508.0, 화양사거리,,7.0,QR,seoul_open_data
ST-1192,25,3507.0, 어린이회관,25.0,,LCD,seoul_open_data
ST-1191,10,3506.0, 영동대교 북단,10.0,,LCD,seoul_open_data
ST-1190,10,3102.0, 연희삼거리,10.0,,LCD,seoul_open_data
ST-119,8,303.0, 광화문역 1번출구 앞,,8.0,QR,seoul_open_data
ST-1189,15,3101.0, 서대문구청,15.0,,LCD,seoul_open_data
ST-1188,8,3100.0, 북성초교,8.0,,LCD,seoul_open_data
ST-1186,9,2377.0, 수서역 5번출구,9.0,,LCD,seoul_open_data
ST-1185,14,2376.0, 수서역 6번출구 앞,14.0,,LCD,seoul_open_data
ST-1184,14,2375.0, 수서역 1번출구 앞,14.0,,LCD,seoul_open_data
ST-1182,20,2373.0, 개포동역 사거리,20.0,,LCD,seoul_open_data
ST-1181,10,2372.0, 대치역 사거리,10.0,,LCD,seoul_open_data
ST-1180,20,,,,,,fallback_20
ST-118,12,302.0, 경복궁역 4번출구 뒤,,12.0,QR,seoul_open_data
ST-1179,10,2370.0, 한티역 3번출구,10.0,,LCD,seoul_open_data
ST-1178,20,2369.0, KT선릉타워,20.0,,LCD,seoul_open_data
ST-1177,7,2368.0, 도곡동 경남아파트 건너편,,7.0,QR,seoul_open_data
ST-1174,15,2365.0, K+ 타워 앞,15.0,,LCD,seoul_open_data
ST-1173,10,2364.0, 도산공원교차로,10.0,,LCD,seoul_open_data
ST-1172,15,2363.0, 강남 을지병원 교차로,15.0,,LCD,seoul_open_data
ST-1171,10,2362.0, 신사동 가로수길 입구,10.0,,LCD,seoul_open_data
ST-1170,20,,,,,,fallback_20
ST-117,20,301.0, 경복궁역 7번출구 앞,,20.0,QR,seoul_open_data
ST-1169,10,2277.0, 길마중4교 하부,,10.0,QR,seoul_open_data
ST-1168,15,2276.0, 영동1교 (양재천근린공원),15.0,,LCD,seoul_open_data
ST-1167,20,,,,,,fallback_20
ST-1166,10,2274.0, 양재시민의숲역 3번출구,10.0,,LCD,seoul_open_data
ST-1165,10,2273.0, 일동제약 사거리,10.0,,LCD,seoul_open_data
ST-1164,10,2272.0, 교대입구 교차로,10.0,,LCD,seoul_open_data
ST-1163,8,2271.0, 내방역 8번출구 앞,8.0,,LCD,seoul_open_data
ST-1162,20,,,,,,fallback_20
ST-1161,15,2269.0, 주홍교 하부,15.0,,LCD,seoul_open_data
ST-1160,20,,,,,,fallback_20
ST-116,6,300.0, 정동사거리,,6.0,QR,seoul_open_data
ST-1158,15,2266.0, 서초역 3번출구,15.0,,LCD,seoul_open_data
ST-1157,20,,,,,,fallback_20
ST-1156,10,2159.0, 인헌초교,10.0,,LCD,seoul_open_data
ST-1154,10,2062.0, 사당새마을금고,10.0,,LCD,seoul_open_data
ST-1153,20,,,,,,fallback_20
ST-1152,10,2060.0, 남성역3번출구 뒤,10.0,,LCD,seoul_open_data
ST-1151,10,2059.0, 보라매공원 정문,10.0,,LCD,seoul_open_data
ST-1150,14,2058.0, 동작경찰서,14.0,,LCD,seoul_open_data
ST-115,20,,,,,,fallback_20
ST-1149,9,1848.0, 벽산 디지털밸리 5차,,9.0,QR,seoul_open_data
ST-1148,10,1847.0, 독산주공 14단지 버스정류소,10.0,,LCD,seoul_open_data
ST-1147,15,1846.0, 롯데캐슬골드파크1차 동문,15.0,,LCD,seoul_open_data
ST-1146,20,,,,,,fallback_20
ST-1144,10,1843.0, 독산고등학교,10.0,,LCD,seoul_open_data
ST-1143,20,,,,,,fallback_20
ST-1142,12,1841.0, 가산동 주민센터,12.0,,LCD,seoul_open_data
ST-1141,20,1840.0, 솔브레인이엔지 뒤편,20.0,,LCD,seoul_open_data
ST-1140,20,1839.0, 수출의 다리 아래,20.0,,LCD,seoul_open_data
ST-114,10,516.0, 광진메디칼 앞,,10.0,QR,seoul_open_data
ST-1137,20,,,,,,fallback_20
ST-1136,27,1720.0, 도봉구청 옆(중랑천변),27.0,,LCD,seoul_open_data
ST-1135,20,,,,,,fallback_20
ST-1133,20,,,,,,fallback_20
ST-1132,10,1716.0, 창동역 1번출구 건너편,10.0,,LCD,seoul_open_data
ST-1131,20,1715.0, 서울특별시교육청도봉도서관,20.0,,LCD,seoul_open_data
ST-1130,20,,,,,,fallback_20
ST-113,15,515.0, 광양중학교 앞,,15.0,QR,seoul_open_data
ST-1129,10,1713.0, 쌍문동 이안아파트 앞,10.0,,LCD,seoul_open_data
ST-1128,20,,,,,,fallback_20
ST-1127,20,,,,,,fallback_20
ST-1125,20,1657.0, 노원구청,20.0,,LCD,seoul_open_data
ST-1124,12,1656.0, 중앙하이츠 아파트 입구,12.0,,LCD,seoul_open_data
ST-1123,15,1655.0, 공릉1단지아파트,15.0,,LCD,seoul_open_data
ST-1122,20,,,,,,fallback_20
ST-1121,20,,,,,,fallback_20
ST-1120,20,,,,,,fallback_20
ST-112,12,514.0, 성수사거리 버스정류장 앞,,12.0,QR,seoul_open_data
ST-1119,20,1651.0, 상계동 우방유쉘아파트 앞,20.0,,LCD,seoul_open_data
ST-1118,25,1650.0, 중계근린공원내,,25.0,QR,seoul_open_data
ST-1114,10,1646.0, 삼육대 입구,10.0,,LCD,seoul_open_data
ST-1111,10,1643.0, 태릉입구역 8번출구,10.0,,LCD,seoul_open_data
ST-1110,20,,,,,,fallback_20
ST-111,13,513.0, 뚝섬역 5번 출구 정류소 옆,,13.0,QR,seoul_open_data
ST-1109,10,1535.0, 효성인텔리안 앞,10.0,,LCD,seoul_open_data
ST-1108,20,,,,,,fallback_20
ST-1107,10,1533.0," 번동 주공3, 4단지 교차로",10.0,,LCD,seoul_open_data
ST-1106,10,1532.0, 번3동 주민센터 교차로,10.0,,LCD,seoul_open_data
ST-1105,10,1531.0, 미아사거리 1번 출구,10.0,,LCD,seoul_open_data
ST-1104,13,1530.0, 광산사거리,13.0,,LCD,seoul_open_data
ST-1103,20,,,,,,fallback_20
ST-1102,10,1528.0, 삼각산동 주민센터,10.0,,LCD,seoul_open_data
ST-1101,20,,,,,,fallback_20
ST-1100,20,,,,,,fallback_20
ST-110,14,400.0, 상암한화오벨리스크 1차 앞,,14.0,QR,seoul_open_data
ST-11,20,,,,,,fallback_20
ST-1099,15,1448.0, 코스트코 상봉점,15.0,,LCD,seoul_open_data
ST-1098,15,1447.0, 면목역 3번출구,15.0,,LCD,seoul_open_data
ST-1097,10,1446.0, 중랑전화국 교차로,10.0,,LCD,seoul_open_data
ST-1096,10,1445.0, 용마지구대 A,10.0,,LCD,seoul_open_data
ST-1095,10,1444.0, 면목4치안센터,10.0,,LCD,seoul_open_data
ST-1094,20,,,,,,fallback_20
ST-1093,8,1442.0, 중랑구 중소기업 창업센터,8.0,,LCD,seoul_open_data
ST-1092,20,1274.0, 영파여고 앞,20.0,,LCD,seoul_open_data
ST-109,15,512.0, 뚝섬역 1번 출구 옆,,15.0,QR,seoul_open_data
ST-1089,20,,,,,,fallback_20
ST-1088,10,1269.0, 리센츠아파트,10.0,,LCD,seoul_open_data
ST-1087,15,1268.0, 몽촌토성역 1번출구 옆,,15.0,QR,seoul_open_data
ST-1086,14,1267.0, 올림픽공원 남2문 앞,,14.0,QR,seoul_open_data
ST-1085,20,,,,,,fallback_20
ST-1084,10,1265.0, 문정동 근린공원,10.0,,LCD,seoul_open_data
ST-1083,8,1264.0, 천호역 10번 출구 앞,8.0,,LCD,seoul_open_data
ST-1082,20,,,,,,fallback_20
ST-1081,10,1262.0, 송파여성문화회관 앞,10.0,,LCD,seoul_open_data
ST-1080,20,,,,,,fallback_20
ST-108,16,511.0, 서울숲역 5번 출구 옆,,16.0,QR,seoul_open_data
ST-1079,8,1260.0, 방이동 한양3차아파트 옆,8.0,,LCD,seoul_open_data
ST-1078,20,1259.0, 방이역 1번출구,20.0,,LCD,seoul_open_data
ST-1077,20,,,,,,fallback_20
ST-1076,20,,,,,,fallback_20
ST-1075,8,1256.0, 문정현대아파트 교차로,8.0,,LCD,seoul_open_data
ST-1072,10,1253.0, 오금역 3번 출구 뒤,10.0,,LCD,seoul_open_data
ST-1070,10,1251.0, 석촌역 2번출구,10.0,,LCD,seoul_open_data
ST-107,15,510.0,뚝도아리수정수센터 버스정류소 옆,,15.0,QR,seoul_open_data
ST-1069,8,1157.0, 강서구청,8.0,,LCD,seoul_open_data
ST-1067,10,1155.0, 기쁜우리복지관,10.0,,LCD,seoul_open_data
ST-1065,32,1153.0," 발산역 1번, 9번 인근 대여소",17.0,15.0,"LCD,QR",seoul_open_data
ST-1064,30,1152.0, 마곡역교차로,,30.0,QR,seoul_open_data
ST-1063,25,1151.0, 마곡역1번출구,25.0,,LCD,seoul_open_data
ST-1062,7,1150.0, 송정역 1번출구,7.0,,LCD,seoul_open_data
ST-1061,15,1044.0, 굽은다리역,15.0,,LCD,seoul_open_data
ST-106,20,,,,,,fallback_20
ST-1059,10,1042.0, 강일리버파크 2~5단지,10.0,,LCD,seoul_open_data
ST-1058,20,,,,,,fallback_20
ST-1057,20,,,,,,fallback_20
ST-1056,20,,,,,,fallback_20
ST-1055,20,,,,,,fallback_20
ST-1054,20,,,,,,fallback_20
ST-1053,20,,,,,,fallback_20
ST-1052,20,,,,,,fallback_20
ST-1051,10,1034.0, 고덕동 래미안 힐스테이트,10.0,,LCD,seoul_open_data
ST-1050,17,1033.0, 고덕동 아남아파트,,17.0,QR,seoul_open_data
ST-105,10,508.0, 성수아카데미타워 앞,,10.0,QR,seoul_open_data
ST-1049,20,1032.0, 선사고등학교,20.0,,LCD,seoul_open_data
ST-1048,15,1031.0, 올림픽로 836(아리수로),15.0,,LCD,seoul_open_data
ST-1047,20,,,,,,fallback_20
ST-1046,7,1029.0, 성내어울터,7.0,,LCD,seoul_open_data
ST-1045,10,1028.0, 포레스 주상복합 빌딩,10.0,,LCD,seoul_open_data
ST-1044,20,1027.0, 프라자 아파트 앞,20.0,,LCD,seoul_open_data
ST-1043,20,,,,,,fallback_20
ST-1042,20,,,,,,fallback_20
ST-1041,10,1024.0, 강동구청 앞,10.0,,LCD,seoul_open_data
ST-1040,22,1023.0, 한국종합기술사옥 앞,22.0,,LCD,seoul_open_data
ST-104,20,,,,,,fallback_20
ST-1039,10,953.0, 서울연신초등학교,10.0,,LCD,seoul_open_data
ST-1038,10,952.0, 서울연신중학교,10.0,,LCD,seoul_open_data
ST-1037,20,,,,,,fallback_20
ST-1036,10,950.0, 구산역 2번 출구 예일여고 버스정류장,10.0,,LCD,seoul_open_data
ST-1035,6,949.0, 연신내역 1번 출구,6.0,,LCD,seoul_open_data
ST-1034,10,948.0, 디지털미디어 시티역 4번출구(DMC역),10.0,,LCD,seoul_open_data
ST-1033,10,947.0, 연신내 선일하이츠빌 정류소,10.0,,LCD,seoul_open_data
ST-1032,16,946.0, 독바위역,,16.0,QR,seoul_open_data
ST-1031,10,945.0, 기자촌 사거리 A,10.0,,LCD,seoul_open_data
ST-103,7,506.0, 금호 어울림 아파트 앞,7.0,,LCD,seoul_open_data
ST-1029,10,943.0, 은평구청 보건소,10.0,,LCD,seoul_open_data
ST-1028,9,942.0, 상림마을 생태공원,9.0,,LCD,seoul_open_data
ST-1027,13,941.0, 은평뉴타운 도서관,13.0,,LCD,seoul_open_data
ST-1025,15,939.0, 은평구청 교차로,15.0,,LCD,seoul_open_data
ST-1024,10,938.0, 금암 문화공원,10.0,,LCD,seoul_open_data
ST-1023,10,937.0, 상림마을 롯데캐슬2단지 옆,10.0,,LCD,seoul_open_data
ST-1021,20,,,,,,fallback_20
ST-1020,20,,,,,,fallback_20
ST-102,12,505.0, 자양사거리 광진아크로텔 앞,,12.0,QR,seoul_open_data
ST-1019,15,748.0, 목동운동장,15.0,,LCD,seoul_open_data
ST-1018,10,747.0, 목동3단지 상가,10.0,,LCD,seoul_open_data
ST-1017,10,746.0, 목동2단지 상가,10.0,,LCD,seoul_open_data
ST-1016,10,745.0, 강서초등학교,10.0,,LCD,seoul_open_data
ST-1015,40,744.0, 신목동역 2번 출구,,40.0,QR,seoul_open_data
ST-1014,10,743.0, 현대6차아파트 101동 옆,10.0,,LCD,seoul_open_data
ST-1013,10,742.0, 등촌역 5번 출구 뒤,10.0,,LCD,seoul_open_data
ST-1012,10,741.0, 화곡로 입구 교차로,10.0,,LCD,seoul_open_data
ST-1011,10,740.0, 으뜸공원,10.0,,LCD,seoul_open_data
ST-1010,15,739.0, 신월사거리,15.0,,LCD,seoul_open_data
ST-101,20,,,,,,fallback_20
ST-1008,10,737.0, 장수공원,10.0,,LCD,seoul_open_data
ST-1007,10,736.0, 오솔길공원,10.0,,LCD,seoul_open_data
ST-1006,10,735.0, 영도초등학교,10.0,,LCD,seoul_open_data
ST-1005,10,734.0, 신트리공원 입구,10.0,,LCD,seoul_open_data
ST-1004,10,733.0, 신정이펜하우스314동,10.0,,LCD,seoul_open_data
ST-1003,20,,,,,,fallback_20
ST-1002,10,731.0, 서울시 도로환경관리센터,10.0,,LCD,seoul_open_data
ST-1000,10,729.0, 서부식자재마트 건너편,10.0,,LCD,seoul_open_data
ST-100,20,,,,,,fallback_20
ST-10,10,108.0, 서교동 사거리,,10.0,QR,seoul_open_data
